{
    "x": [
        62,
        61,
        61,
        60,
        62,
        60,
        61,
        62,
        63,
        63,
        59,
        62,
        60,
        60,
        61,
        61,
        63,
        64,
        62,
        59,
        63,
        64,
        59,
        61,
        62,
        60,
        60,
        65,
        64,
        65,
        58,
        59,
        58,
        59,
        58,
        59,
        59
    ],
    "y": [
        36,
        36,
        33,
        35,
        34,
        34,
        34,
        35,
        35,
        36,
        34,
        37,
        36,
        32,
        37,
        35,
        37,
        37,
        33,
        33,
        34,
        38,
        35,
        38,
        38,
        37,
        31,
        37,
        36,
        38,
        33,
        36,
        34,
        37,
        35,
        38,
        39
    ],
    "velocity": [
        7.38483002609575,
        7.416491964452634,
        7.291360830477885,
        7.395106961833276,
        7.404332909985653,
        7.407456329340488,
        7.415287265586486,
        7.414776913106785,
        7.388695943638476,
        7.382131351846785,
        7.315893561135369,
        7.425257216922486,
        7.43665214577136,
        7.351945237935118,
        7.484116677025776,
        7.438921783619293,
        7.411710514751541,
        7.280000000000004,
        7.391380593373443,
        7.421553326103825,
        7.420105732778528,
        7.336586155096965,
        7.446890438904583,
        7.501954069894827,
        7.498586068087475,
        7.535958334006893,
        7.4293734125393,
        7.280000000000004,
        7.436165626934989,
        7.284586916317129,
        7.33894774619307,
        7.598489256650209,
        7.578089120568242,
        7.559347174304705,
        7.629100764433238,
        7.527862396379766,
        7.500249529114528
    ]
}