{"x": [79, 80, 80, 79, 80, 81, 81, 81, 81, 82, 82, 79, 84, 83, 84, 83, 82, 82, 84, 78, 85, 84, 86, 83, 83, 84, 84, 85, 85, 79, 86, 85, 87, 87, 86], "y": [53, 53, 52, 54, 54, 53, 52, 51, 54, 54, 53, 55, 49, 54, 54, 53, 51, 52, 50, 53, 54, 53, 53, 52, 51, 51, 52, 51, 52, 56, 52, 53, 52, 53, 51], "velocity": [6.859061770763402, 6.830352334708438, 6.865987019627629, 6.8588134789022135, 6.868244843577265, 6.778929642988534, 6.7889405379393954, 6.854231263446874, 6.804337542229095, 6.829578488709713, 6.801936626765231, 6.873514104704928, 6.891400168326717, 6.875639167921063, 6.981281431779858, 6.807960143381782, 6.815187354851909, 6.818800728362836, 6.846428297195089, 6.905493662342078, 6.957252843362278, 6.777290541422102, 6.92582509520952, 6.818900690164571, 6.815144989986197, 6.8108586530035256, 6.809152352866954, 6.803481737647118, 6.8581728140197615, 6.895354364964992, 6.897041557550469, 6.917232558951132, 6.899500173532764, 6.871528816138915, 6.853739739075285]}