{
    "x": [
        106,
        107,
        108,
        115,
        116,
        116,
        117,
        114,
        115,
        116,
        115,
        116,
        117,
        109,
        116,
        106,
        113,
        114,
        114,
        110,
        112,
        109,
        107,
        111,
        109,
        114,
        108,
        115,
        109,
        110,
        110,
        113,
        109,
        107,
        108,
        109,
        109,
        108,
        109,
        110,
        112,
        109,
        111
    ],
    "y": [
        67,
        67,
        67,
        68,
        67,
        68,
        70,
        68,
        72,
        69,
        69,
        70,
        67,
        67,
        71,
        68,
        68,
        73,
        69,
        67,
        67,
        75,
        68,
        67,
        74,
        74,
        68,
        71,
        68,
        73,
        68,
        74,
        73,
        69,
        70,
        70,
        71,
        69,
        69,
        69,
        74,
        72,
        74
    ],
    "velocity": [
        7.336999044116212,
        7.361377881421918,
        7.350688098742879,
        7.240614997703351,
        7.24080689261878,
        7.271394315113104,
        7.319524855548199,
        7.2390831817823,
        7.345900468225507,
        7.288271138072944,
        7.257261842696206,
        7.303157471983861,
        7.2604267177951005,
        7.329172965823262,
        7.317043584536888,
        7.345769580009463,
        7.258751844326846,
        7.345590246003914,
        7.2636214889116655,
        7.318264134238576,
        7.275367883418538,
        7.334892749591459,
        7.387738508897535,
        7.326213391358534,
        7.332030022347795,
        7.372693899419255,
        7.371121010556679,
        7.276779521995319,
        7.351438085260018,
        7.3364299108385085,
        7.360300762372287,
        7.353619689763502,
        7.318454362812482,
        7.3337944550393726,
        7.315880342046443,
        7.310702616210962,
        7.310980497614007,
        7.362458364652878,
        7.338994038379606,
        7.360536755394517,
        7.35021789820632,
        7.327740213714785,
        7.349154859527683
    ]
}