{"x": [181, 180, 181, 181, 181, 183, 180, 180, 184, 180, 182, 182, 180, 183, 181, 184, 182, 179, 179, 179, 179, 182, 185, 179, 183, 185, 178, 178, 180, 178, 178, 178, 182, 177, 177, 177, 179, 177, 181, 184, 176, 175, 183, 185, 182, 184, 185, 186, 180, 179, 181, 186, 183, 183, 182, 186, 186, 185, 183, 184, 184], "y": [115, 115, 116, 118, 117, 118, 116, 118, 118, 117, 118, 117, 114, 117, 114, 117, 116, 118, 117, 116, 115, 115, 118, 114, 116, 117, 115, 116, 113, 117, 114, 118, 114, 115, 116, 114, 113, 117, 113, 116, 115, 115, 115, 116, 113, 115, 115, 117, 112, 112, 112, 115, 113, 114, 112, 116, 114, 114, 112, 112, 113], "velocity": [6.517657281998591, 6.5461151522065615, 6.583836934380792, 6.703291124407119, 6.659464954477164, 6.637438938543919, 6.607845716867586, 6.736923335660717, 6.608303725584332, 6.683101010981932, 6.662394025506605, 6.631640362177662, 6.495629778987273, 6.615903069032472, 6.471196074887966, 6.580332739893562, 6.570629816703492, 6.769147165522667, 6.7102329622980745, 6.648964363215757, 6.596650475323417, 6.502894074131026, 6.559669401056969, 6.536838473129946, 6.575813557674253, 6.513305361822785, 6.66102414615477, 6.69864652060422, 6.449178592504325, 6.744191193614922, 6.607434745491463, 6.802469307822968, 6.452478302971153, 6.712184250693193, 6.749247271892782, 6.6814429281448335, 6.485260256859526, 6.768358946150706, 6.426563558265173, 6.436055280605068, 6.730221262016984, 6.704329928849827, 6.4006178282250605, 6.392745660360806, 6.407341999464362, 6.370523408405671, 6.355418454298008, 6.391972044987606, 6.432502823427359, 6.483870771639813, 6.389763226807424, 6.34030238345791, 6.36623726454484, 6.36560400721923, 6.32353729406773, 6.345676040871511, 6.337879758695535, 6.319781767913876, 6.315101144143108, 6.29911813576159, 6.32333566669137]}