{"x": [160, 163, 160, 161, 162, 158, 161, 160, 163, 159, 159, 162, 158, 159, 158, 160, 159, 161, 158, 165, 157, 164, 164, 157, 157, 159, 158, 163, 164, 163, 161, 157, 157, 162, 162, 160, 162, 158, 156, 161, 159, 156, 158, 157, 163, 156, 156, 156, 160], "y": [65, 66, 66, 65, 66, 65, 66, 64, 65, 65, 64, 65, 64, 66, 63, 63, 63, 64, 66, 62, 64, 63, 64, 63, 65, 62, 62, 62, 62, 63, 63, 66, 62, 63, 64, 62, 62, 61, 63, 62, 61, 64, 67, 61, 64, 65, 62, 66, 61], "velocity": [6.288990741201427, 6.414531430593401, 6.314869082736038, 6.296207682344234, 6.346664494527889, 6.295505139779191, 6.302377954155404, 6.225381930535388, 6.386936110850477, 6.271963752895956, 6.229902090812572, 6.32980050934808, 6.231564448073152, 6.400244624339288, 6.186103739342516, 6.187017083380631, 6.18125761999439, 6.225022480965951, 6.378604314340062, 6.292514329893658, 6.228982691143262, 6.305749189147582, 6.29012867535816, 6.171860210302882, 6.312223032946491, 6.173302407056909, 6.126818736385759, 6.249609560570565, 6.2516974153041565, 6.220682631081562, 6.173036534955699, 6.3586165364630665, 6.114118961391172, 6.184187484193552, 6.218372166151054, 6.153973238588942, 6.212649230461896, 6.08488273193291, 6.173201068532931, 6.154299883936963, 6.192870812133879, 6.213152366928201, 6.4176361259894215, 6.079953887290121, 6.217687791257514, 6.314542763482886, 6.113300876397789, 6.349982378751295, 6.223508652765491]}