{
    "x": [
        79,
        78,
        78,
        80,
        79,
        78,
        79,
        77,
        81,
        77,
        80,
        80,
        77,
        82,
        82,
        81,
        81,
        78,
        79,
        78,
        83,
        77,
        82,
        80,
        80,
        83,
        82,
        77,
        81,
        76,
        76,
        83,
        78,
        81,
        76,
        79,
        76,
        78,
        77,
        83,
        80,
        78,
        77,
        82,
        78,
        77,
        75,
        81,
        79,
        75,
        76,
        77,
        75,
        80,
        76,
        75,
        74,
        77,
        78,
        82,
        76,
        81
    ],
    "y": [
        50,
        51,
        52,
        49,
        49,
        50,
        52,
        52,
        48,
        53,
        48,
        50,
        51,
        48,
        47,
        47,
        49,
        49,
        48,
        54,
        47,
        54,
        49,
        47,
        51,
        48,
        46,
        50,
        46,
        53,
        52,
        46,
        48,
        50,
        51,
        47,
        54,
        53,
        49,
        49,
        46,
        55,
        55,
        45,
        47,
        48,
        53,
        45,
        46,
        52,
        55,
        56,
        51,
        45,
        50,
        55,
        52,
        47,
        46,
        44,
        49,
        44
    ],
    "velocity": [
        7.024475977064965,
        7.024354153901329,
        7.023340867423518,
        7.042916817170012,
        7.036901661246497,
        7.0294921530022165,
        6.970417059281654,
        7.034018073134777,
        7.0996523037256365,
        7.006829280549936,
        7.0630364487583,
        7.042099467070835,
        7.0771987375558645,
        7.0562123184793135,
        7.064670328677383,
        7.102896304650923,
        7.070526936331385,
        7.054736414379698,
        7.050802454776595,
        6.971261336671182,
        7.030135042390738,
        6.999248653061864,
        7.038439256270298,
        7.102105556418434,
        6.953535418184804,
        7.011224037080134,
        7.069999999999978,
        7.057625808165327,
        7.0999999999999694,
        7.061212303039026,
        7.082243461336519,
        6.980240103939838,
        7.067970747354254,
        7.0690494842721545,
        7.136417929886962,
        7.078488313210584,
        7.058602168755917,
        7.003808217866922,
        7.101293176126285,
        7.009611639168653,
        7.117402702247285,
        6.981793491431869,
        7.015637663389473,
        7.0399999999999965,
        7.071941555022371,
        7.131069027192194,
        7.06780294748364,
        7.0399999999999965,
        7.080654850074247,
        7.090664276174148,
        6.948018846751708,
        7.020628737576886,
        7.121612211467033,
        7.0399999999999965,
        7.027364253184445,
        7.071074688974242,
        7.116571724408022,
        7.0757425250313135,
        7.0868604753815605,
        6.981073430672201,
        7.030734641614913,
        7.039999999999995
    ]
}