{"x": [118, 116, 118, 115, 117, 117, 117, 117, 118, 115, 119, 118, 118, 118, 116, 118, 117, 119, 117, 119, 114, 114, 119, 119, 115, 116, 119, 116, 116, 113, 120, 120, 120, 120, 113, 115], "y": [54, 51, 55, 51, 53, 55, 52, 54, 53, 52, 52, 50, 56, 52, 52, 51, 56, 54, 51, 53, 52, 51, 50, 55, 53, 53, 56, 54, 50, 52, 53, 54, 52, 55, 51, 54], "velocity": [7.469203172651474, 7.472785193564022, 7.45477215379695, 7.474299027040645, 7.485194478860033, 7.4700859702412, 7.490233910511283, 7.47548410894416, 7.489248658960783, 7.4880151535067165, 7.490024583041464, 7.442643305362014, 7.47115465887525, 7.505678552538512, 7.479978233571601, 7.494004401516324, 7.495379553954872, 7.436166030141485, 7.48991119599319, 7.456087888168785, 7.499536125998053, 7.497085595674655, 7.411591798030601, 7.424371394179887, 7.486877045564741, 7.480105643186587, 7.450008777718556, 7.463776314209898, 7.4763404538908995, 7.488635294788152, 7.4234504808985395, 7.485448848132815, 7.434008523663698, 7.4918315303464755, 7.515932265622592, 7.452181112397247]}