{"x": [55, 54, 55, 53, 56, 58, 56, 52, 57, 57, 52, 58, 59, 50, 59, 51, 57, 49, 51, 50, 58, 52, 49, 48, 51, 48, 50, 47, 49, 46, 48, 52, 45, 51, 51, 53, 54, 50, 48, 49, 50, 55, 49, 50, 49, 52, 51], "y": [1, 0, 0, 0, 1, 2, 0, 0, 2, 1, 2, 1, 2, 0, 1, 0, 0, 0, 2, 2, 0, 3, 2, 0, 3, 2, 3, 2, 3, 2, 3, 4, 2, 4, 1, 5, 5, 4, 1, 4, 1, 5, 1, 1, 1, 5, 1], "velocity": [7.171776068604422, 7.163897115483977, 7.149943510959502, 7.184716220606076, 7.162507822989908, 7.1348944798399625, 7.142286578076647, 7.193583628100456, 7.107605746113103, 7.127288604987789, 7.26893267511174, 7.101155691654407, 7.108183018540602, 7.197985400528575, 7.09435983025346, 7.201120299973146, 7.113065246034997, 7.17187925287235, 7.280731839009283, 7.245582279606243, 7.078055416392103, 7.315604292914631, 7.225365981067263, 7.126651125483349, 7.273187892361431, 7.197019768597442, 7.246159113196767, 7.153467781681019, 7.206342156965309, 7.1308426124248605, 7.175968568721255, 7.352600956163325, 7.160003766806856, 7.353950478933926, 7.224604309589377, 7.320873564300489, 7.343910918790978, 7.340961157212086, 7.110207809936656, 7.325211760654768, 7.19665883935605, 7.347226663087434, 7.199037763963299, 7.254714768855138, 7.208021281728315, 7.356272271814121, 7.211258941893474]}