{
    "x": [
        119,
        120,
        119,
        119,
        120,
        118,
        118,
        119,
        120,
        118,
        118,
        119,
        121,
        119,
        121,
        117,
        118,
        121,
        121,
        117,
        117,
        121,
        118,
        122,
        117,
        119,
        116,
        117,
        116,
        118,
        116,
        122,
        117,
        122,
        115,
        122,
        116,
        115,
        123,
        123,
        115,
        116,
        114,
        117,
        123,
        115,
        116,
        115,
        120,
        121,
        123,
        114,
        118,
        120,
        123,
        121,
        114,
        122,
        118,
        118,
        113,
        124,
        123,
        117,
        114,
        113,
        113,
        119,
        122,
        119,
        115,
        119,
        118,
        113,
        117,
        112,
        120,
        114,
        112,
        113,
        115,
        111,
        112,
        114,
        115,
        110
    ],
    "y": [
        53,
        53,
        52,
        54,
        52,
        53,
        52,
        51,
        51,
        54,
        51,
        55,
        55,
        50,
        56,
        52,
        50,
        52,
        51,
        51,
        53,
        53,
        55,
        55,
        54,
        56,
        51,
        50,
        52,
        56,
        53,
        51,
        55,
        52,
        51,
        50,
        54,
        52,
        54,
        53,
        53,
        49,
        51,
        56,
        52,
        50,
        55,
        54,
        50,
        50,
        51,
        53,
        49,
        47,
        50,
        49,
        52,
        48,
        45,
        57,
        51,
        52,
        49,
        48,
        54,
        52,
        53,
        48,
        49,
        46,
        55,
        47,
        48,
        54,
        49,
        53,
        49,
        55,
        54,
        55,
        56,
        53,
        55,
        56,
        57,
        53
    ],
    "velocity": [
        6.512654633111777,
        6.544481120245084,
        6.531143271154638,
        6.503283305946239,
        6.566765699048441,
        6.488953749224877,
        6.499951578250348,
        6.527638365985232,
        6.551260720946544,
        6.489800570589554,
        6.536926359771064,
        6.50981576219834,
        6.603868450098471,
        6.607667140494626,
        6.64720467031746,
        6.471942421569708,
        6.6102954526897415,
        6.54881519300967,
        6.597009573389051,
        6.529926598250347,
        6.457498508226509,
        6.495670007787922,
        6.506643876425846,
        6.591597466823444,
        6.459128336131193,
        6.514182044925739,
        6.560827127456563,
        6.567640305059343,
        6.465985206866356,
        6.538768615181321,
        6.432876443608078,
        6.576430928340319,
        6.487433701915612,
        6.530377507332588,
        6.599782580523097,
        6.515680427345513,
        6.422366377766803,
        6.496813706194224,
        6.545760866629248,
        6.55192133734871,
        6.440386561712809,
        6.585924740165704,
        6.592380542454122,
        6.481915761934104,
        6.544112934499667,
        6.592033594314876,
        6.458684115043224,
        6.418727538846488,
        6.477555278269853,
        6.43666530326999,
        6.507129537154454,
        6.472639635421613,
        6.529133492397655,
        6.473127185201033,
        6.489504872099401,
        6.4998160813344805,
        6.533849026282729,
        6.509214011352768,
        6.511163823039886,
        6.49695720701828,
        6.565927588943807,
        6.556013443158155,
        6.475180116907371,
        6.423676200958341,
        6.442209451331221,
        6.545606397728098,
        6.429232985971022,
        6.42530917934113,
        6.419554253018125,
        6.505645757091641,
        6.402888182782328,
        6.329815172293146,
        6.376210398931125,
        6.459555409152588,
        6.467088932874752,
        6.381077486075964,
        6.460279692969736,
        6.409434008561125,
        6.383383807713923,
        6.468303508346418,
        6.380792733379508,
        6.35702723922205,
        6.4156898394701285,
        6.400973015723637,
        6.359604172623781,
        6.32995274695013
    ]
}