{
    "x": [
        117,
        117,
        116,
        117,
        116,
        118,
        118,
        118,
        118,
        115,
        117,
        118,
        118,
        119,
        119,
        118,
        119,
        119,
        117,
        118,
        120,
        119,
        117,
        120,
        120,
        120,
        120,
        119,
        118,
        121,
        121,
        120,
        121,
        122,
        121,
        120,
        122,
        122,
        121,
        121
    ],
    "y": [
        72,
        73,
        73,
        74,
        72,
        72,
        73,
        74,
        71,
        73,
        71,
        75,
        70,
        70,
        69,
        69,
        74,
        68,
        69,
        68,
        74,
        71,
        68,
        70,
        69,
        68,
        71,
        67,
        67,
        68,
        69,
        67,
        71,
        69,
        70,
        72,
        68,
        70,
        67,
        72
    ],
    "velocity": [
        7.399543992312385,
        7.436090450345192,
        7.437619773374559,
        7.440591068308579,
        7.395890634654424,
        7.414313281290656,
        7.379704098629729,
        7.414536846939264,
        7.379246768557365,
        7.452453515965898,
        7.374795248540664,
        7.442042183281059,
        7.358626134500594,
        7.364413334634302,
        7.379994950527164,
        7.367500683895123,
        7.382758477499976,
        7.38266471301667,
        7.351507385030858,
        7.367485247847807,
        7.395620950770208,
        7.391258673286079,
        7.3423587078330685,
        7.361244974443083,
        7.375222644425528,
        7.380866402213093,
        7.347524214698287,
        7.345191193967994,
        7.338357673942829,
        7.369423008279048,
        7.370445724512326,
        7.343975081264553,
        7.306827449792349,
        7.391511245086208,
        7.363738652544682,
        7.397021431481441,
        7.364499332049006,
        7.383512406247059,
        7.343521695883885,
        7.325453444552482
    ]
}