{
    "x": [
        133,
        133,
        134,
        135,
        134,
        133,
        132,
        133,
        134,
        136,
        134,
        135,
        135,
        133,
        134,
        135,
        132,
        136,
        135,
        135,
        136,
        134,
        137,
        136,
        131,
        132,
        136,
        135,
        137,
        133,
        131,
        134,
        130,
        132,
        131,
        131,
        130,
        132,
        135,
        130,
        129,
        133,
        129,
        132,
        136,
        128,
        128,
        133,
        134,
        126,
        126,
        127,
        127,
        127,
        133,
        126,
        125,
        125,
        126,
        134,
        134
    ],
    "y": [
        75,
        76,
        75,
        76,
        76,
        77,
        75,
        74,
        74,
        77,
        78,
        77,
        75,
        73,
        77,
        78,
        74,
        78,
        74,
        79,
        79,
        73,
        76,
        75,
        74,
        73,
        74,
        73,
        75,
        72,
        73,
        72,
        74,
        72,
        71,
        72,
        73,
        71,
        72,
        72,
        74,
        71,
        73,
        70,
        72,
        73,
        75,
        70,
        71,
        75,
        76,
        76,
        75,
        73,
        69,
        74,
        74,
        73,
        73,
        70,
        69
    ],
    "velocity": [
        6.993619313216331,
        6.991594433694874,
        6.9845167765754015,
        7.018586173864864,
        6.978824993740212,
        6.971912993766617,
        6.970989684176756,
        6.955802817524785,
        6.947590648268193,
        7.012921878075479,
        6.959137327998298,
        6.953106294347275,
        6.961596405903669,
        7.010642913486109,
        6.927863727086495,
        6.9310569260471935,
        6.931147390282894,
        6.943716962427852,
        7.006272276017844,
        6.945290156883086,
        6.920000000074296,
        7.02621994393696,
        7.096422054357421,
        7.027384420010595,
        6.94177099381281,
        6.933090089690017,
        7.088108791596412,
        7.064689647424346,
        7.096656752276707,
        7.03697338529991,
        6.930371763679311,
        7.0559618226004455,
        6.981959863322077,
        6.95603844092775,
        6.999368100422696,
        6.949950265938505,
        6.954738929445751,
        6.974579844569316,
        7.057187776090381,
        6.969205071003758,
        7.002884332548704,
        6.98213259416742,
        7.020614457050379,
        6.912457765461945,
        7.040452378190302,
        7.036361689836812,
        6.984866866994726,
        6.959445556083693,
        6.964804090498056,
        7.03726819414289,
        7.0594851891599415,
        7.007495202029091,
        6.97690927182899,
        7.011802551215779,
        6.936470309332017,
        7.000394138349227,
        6.994739825717424,
        6.992358816875911,
        6.990428323135751,
        6.959926788729239,
        6.916161185196839
    ]
}