{
    "x": [
        118,
        118,
        117,
        118,
        119,
        117,
        119,
        120,
        117,
        118,
        119,
        117,
        117,
        118,
        119,
        120,
        121,
        117,
        120,
        121,
        116,
        117,
        118,
        119,
        120,
        121,
        122,
        123,
        115,
        116,
        117,
        118,
        119,
        120,
        121,
        122,
        123,
        112,
        113,
        114,
        115,
        116,
        117,
        118,
        119,
        120,
        121,
        122,
        123,
        113,
        114,
        115,
        116,
        117,
        118,
        119,
        120,
        121,
        123,
        124,
        113,
        114,
        115,
        116,
        117,
        118,
        119,
        120,
        113,
        114,
        115,
        116,
        117,
        118,
        119,
        120,
        115,
        116,
        117,
        118,
        119,
        120,
        121,
        117,
        118,
        119,
        120,
        118,
        119,
        118,
        119
    ],
    "y": [
        42,
        43,
        44,
        44,
        44,
        45,
        45,
        45,
        46,
        46,
        46,
        47,
        47,
        47,
        47,
        47,
        47,
        48,
        48,
        48,
        49,
        49,
        49,
        49,
        49,
        49,
        49,
        49,
        50,
        50,
        50,
        50,
        50,
        50,
        50,
        50,
        50,
        51,
        51,
        51,
        51,
        51,
        51,
        51,
        51,
        51,
        51,
        51,
        51,
        52,
        52,
        52,
        52,
        52,
        52,
        52,
        52,
        52,
        52,
        52,
        53,
        53,
        53,
        53,
        53,
        53,
        53,
        53,
        54,
        54,
        54,
        54,
        54,
        54,
        54,
        54,
        55,
        55,
        55,
        55,
        55,
        55,
        55,
        56,
        56,
        56,
        56,
        57,
        57,
        45,
        48
    ],
    "z": [
        6.562309711,
        6.533261351,
        6.480905153,
        6.439125979,
        6.37735335,
        6.542918946,
        6.494229074,
        6.301140146,
        6.716633408,
        6.594902371,
        6.365804366,
        6.314776545,
        6.68177799,
        6.351486033,
        6.341774183,
        6.582001581,
        6.48277616,
        6.441164124,
        6.616647498,
        6.52047107,
        6.58591792,
        6.467086312,
        6.676357082,
        6.658729373,
        6.528488709,
        6.597920087,
        6.393904107,
        6.468884977,
        6.576946218,
        6.665772611,
        6.56691551,
        6.603476032,
        6.602481127,
        6.608163329,
        6.606186378,
        6.528561223,
        6.464519114,
        6.480083269,
        6.565796562,
        6.592380671,
        6.599781495,
        6.560827446,
        6.529926601,
        6.479062577,
        6.523915102,
        6.58936867,
        6.60530013,
        6.558935867,
        6.507503286,
        6.547685577,
        6.52154456,
        6.49681378,
        6.465988292,
        6.471943086,
        6.499915443,
        6.53114389,
        6.579962532,
        6.548815815,
        6.560610238,
        6.559402008,
        6.429231211,
        6.472639496,
        6.440376334,
        6.432876468,
        6.457499591,
        6.488953765,
        6.512638587,
        6.543887493,
        6.459555158,
        6.442209014,
        6.418722364,
        6.422374278,
        6.45912831,
        6.489800721,
        6.503283415,
        6.406817124,
        6.403113358,
        6.457395091,
        6.487442134,
        6.5103509,
        6.509717907,
        6.341389045,
        6.263294083,
        6.481916707,
        6.538765187,
        6.514206344,
        6.358413567,
        6.496963699,
        6.446719023,
        6.43795489,
        6.521064809
    ]
}