{"x": [52, 53, 53, 52, 53, 53, 52, 54, 52, 54, 51, 54, 51, 51, 54, 53, 54, 51, 52, 55, 55, 55, 51, 55, 54, 53, 56, 55, 55, 57, 54, 56, 57], "y": [55, 55, 56, 56, 57, 54, 54, 56, 57, 55, 55, 57, 56, 54, 58, 58, 54, 57, 53, 57, 58, 56, 53, 59, 59, 53, 58, 55, 60, 60, 60, 59, 59], "velocity": [7.506717745952212, 7.487372810603314, 7.467767961820915, 7.4630555071267075, 7.433978082091454, 7.493174269596739, 7.521422425126255, 7.472295970490853, 7.40219372751604, 7.493863345437264, 7.523186723211819, 7.423180164788866, 7.487364492310234, 7.568918361638953, 7.363226894779173, 7.411516901579098, 7.509710892295175, 7.42907078634201, 7.544464209302324, 7.391522605854164, 7.32513142368469, 7.456039502147655, 7.576154945465515, 7.324028717653788, 7.412798610001558, 7.513959439249077, 7.317060232641113, 7.498668159396102, 7.325609762673743, 7.37762305954053, 7.410696549545523, 7.379361724704064, 7.385997329156616]}