{"x": [76, 80, 80, 81, 79, 79, 75, 81, 76, 79, 80, 78, 78, 79, 77, 77, 78, 77, 80, 75, 78, 75, 81, 78, 76, 76, 77, 82, 79, 77, 81], "y": [60, 60, 59, 60, 60, 59, 59, 59, 59, 58, 58, 58, 57, 57, 57, 58, 60, 59, 57, 58, 59, 57, 58, 56, 57, 58, 56, 59, 56, 60, 57], "velocity": [4.734255543871226, 4.665833130914166, 4.687337486664299, 4.67789305456108, 4.62747604256244, 4.710845947746642, 4.714664832015573, 4.692117753583823, 4.718582850320678, 4.661877916753973, 4.62340034784178, 4.6644459106394605, 4.61311926199806, 4.579228419958842, 4.682918119107976, 4.699139233330671, 4.690464508992085, 4.716933679830494, 4.558487602276363, 4.7285082837809576, 4.690015928660291, 4.762536933459405, 4.598304803753356, 4.733193505670508, 4.723568757416794, 4.720140125711579, 4.707521476863494, 4.684397978446138, 4.691348983799382, 4.783737716437023, 4.536353689121252]}