{
    "x": [
        87,
        88,
        91,
        92,
        88,
        89,
        97,
        90,
        87,
        86,
        95,
        95,
        97,
        97,
        94,
        94,
        97,
        92,
        94,
        93,
        91,
        85,
        93,
        96,
        93,
        94,
        96,
        88,
        93,
        96,
        84,
        93,
        94,
        87,
        95,
        93,
        92,
        95,
        89,
        90,
        95,
        92,
        86,
        92,
        90,
        91,
        91,
        91,
        92,
        88,
        91,
        90,
        89,
        87,
        90,
        90,
        89,
        91,
        90,
        88,
        84,
        89,
        90,
        86
    ],
    "y": [
        46,
        46,
        46,
        46,
        45,
        45,
        37,
        45,
        45,
        45,
        45,
        46,
        38,
        39,
        45,
        46,
        40,
        45,
        44,
        46,
        45,
        45,
        45,
        39,
        40,
        40,
        40,
        44,
        41,
        41,
        45,
        43,
        41,
        44,
        41,
        42,
        40,
        47,
        44,
        44,
        40,
        41,
        44,
        42,
        41,
        40,
        44,
        41,
        43,
        42,
        42,
        38,
        43,
        43,
        42,
        43,
        42,
        43,
        40,
        43,
        44,
        41,
        39,
        43
    ],
    "velocity": [
        6.765428427957569,
        6.787115351901818,
        6.803217001144538,
        6.774476889692683,
        6.824327529441423,
        6.834316264878038,
        6.939446502418635,
        6.84445825810152,
        6.771550491086504,
        6.801292068213296,
        7.007374687745881,
        6.959901690972352,
        6.959383268479977,
        6.959117290582978,
        7.020726387333151,
        6.979391081897534,
        6.99352496875861,
        6.811188505972429,
        7.018118060391105,
        6.780094317251734,
        6.821909532466239,
        6.792238331878097,
        6.791588155848558,
        6.933508450635758,
        6.942566560464815,
        6.9497836943396525,
        6.986995951002904,
        6.839663156989354,
        6.995902833117586,
        6.992944626196555,
        6.785086705976845,
        6.988306520497152,
        6.965985481563244,
        6.816597033930383,
        6.981854811498699,
        6.988699006405224,
        6.950152399734851,
        6.985140727080019,
        6.8698651740561765,
        6.917651448581736,
        6.914860511992111,
        6.937886526686499,
        6.781569720791887,
        6.949102296540592,
        6.959932100240887,
        6.957135354662214,
        6.899653887741125,
        6.944225671736707,
        6.927035027601571,
        6.898477921563865,
        6.9359502986663335,
        6.962308157012594,
        6.863934817228433,
        6.8884338676435295,
        6.905922682174348,
        6.918536188338603,
        6.878051000146628,
        6.945884153867555,
        6.918064918089891,
        6.794781545150916,
        6.777119745965982,
        6.901739209241325,
        6.96673424417067,
        6.879029878271036
    ]
}