{
    "x": [
        52,
        52,
        52,
        51,
        51,
        52,
        51,
        53,
        53,
        51,
        52,
        53,
        54,
        54,
        54,
        52,
        51,
        53,
        54,
        51,
        52,
        50,
        52,
        51,
        50,
        53,
        53,
        53,
        52,
        51,
        53,
        49,
        53,
        54,
        54,
        49,
        53,
        54,
        55
    ],
    "y": [
        75,
        74,
        76,
        75,
        76,
        73,
        73,
        75,
        76,
        74,
        72,
        74,
        74,
        75,
        76,
        71,
        71,
        73,
        73,
        70,
        70,
        70,
        69,
        69,
        69,
        69,
        70,
        71,
        68,
        68,
        68,
        69,
        67,
        67,
        68,
        70,
        66,
        66,
        65
    ],
    "velocity": [
        6.498063507969488,
        6.529536525203774,
        6.426090171333745,
        6.441365670323068,
        6.466586747006251,
        6.58843724134959,
        6.580269451703734,
        6.38157556156603,
        6.404400466403899,
        6.623323293604233,
        6.559834773001089,
        6.412778553795769,
        6.4522348021303495,
        6.406227551831579,
        6.3531347065752914,
        6.596585781216134,
        6.532358167950801,
        6.433913964255775,
        6.473689781539465,
        6.532523099954105,
        6.506542985806475,
        6.499633459206865,
        6.473149341241006,
        6.486852154831429,
        6.52752055990351,
        6.441464405784538,
        6.42691781734428,
        6.450951952696142,
        6.434445507409048,
        6.461601642619043,
        6.420746287059318,
        6.595266644890481,
        6.464553006791132,
        6.405303651399164,
        6.347760408481424,
        6.615897756901248,
        6.459050624453074,
        6.456779559638772,
        6.468635843884278
    ]
}