{"x": [158, 159, 160, 159, 157, 158, 158, 160, 160, 158, 158, 158, 161, 161, 159, 156, 161, 160, 161, 160, 155, 162, 162, 159, 162, 154], "y": [55, 54, 53, 53, 55, 53, 54, 55, 54, 52, 50, 51, 54, 53, 52, 55, 52, 52, 51, 51, 55, 54, 52, 51, 53, 55], "velocity": [7.740370149649345, 7.765548569099088, 7.785773041676292, 7.784357583777153, 7.734804063685783, 7.765599363928072, 7.739910265237253, 7.761662008334633, 7.76558138628107, 7.797850880136281, 7.85563201299432, 7.829835698089065, 7.790326041636323, 7.8026801029757245, 7.781463750294564, 7.734282470910369, 7.833306268109428, 7.79528525070857, 7.874635358762799, 7.824129432461499, 7.72338534486715, 7.8080514837480255, 7.856129095243518, 7.798556346595438, 7.829432534584149, 7.724167879019753]}