{
    "x": [
        157,
        158,
        157,
        157,
        160,
        161,
        160,
        158,
        161,
        156,
        157,
        160,
        160,
        161,
        159,
        158,
        157,
        156,
        159,
        162,
        158,
        162,
        159,
        161,
        155,
        158,
        154,
        157,
        161,
        162,
        161,
        159,
        163,
        161,
        158,
        163,
        155,
        160,
        156,
        162,
        159,
        163,
        162,
        156,
        156,
        158,
        162,
        156,
        159,
        164,
        157,
        162,
        163,
        166,
        165,
        159,
        161,
        162
    ],
    "y": [
        111,
        113,
        110,
        112,
        113,
        114,
        114,
        111,
        115,
        108,
        109,
        115,
        112,
        113,
        111,
        110,
        108,
        107,
        114,
        114,
        112,
        113,
        113,
        116,
        104,
        109,
        103,
        107,
        112,
        116,
        118,
        112,
        115,
        117,
        108,
        114,
        103,
        111,
        104,
        115,
        110,
        113,
        112,
        103,
        106,
        107,
        117,
        105,
        109,
        114,
        106,
        118,
        112,
        116,
        115,
        108,
        111,
        111
    ],
    "velocity": [
        7.683037219787712,
        7.574173557966822,
        7.676886523902188,
        7.66430225501054,
        7.65520198158942,
        7.631563670142007,
        7.613756018608784,
        7.729710886322406,
        7.584548100348147,
        7.71124454258496,
        7.699169007581661,
        7.556558497769727,
        7.680687159866257,
        7.6817125709740175,
        7.674956398385637,
        7.713293192227488,
        7.6898478738149345,
        7.727700044013137,
        7.591797408401742,
        7.709128649389269,
        7.718147700782401,
        7.714199192333302,
        7.677389593158276,
        7.632274179546939,
        7.76064541093707,
        7.7188755342775,
        7.743681700488577,
        7.680632844976367,
        7.717964398972806,
        7.677390855088189,
        7.622040716634892,
        7.717071213432757,
        7.692750252609632,
        7.640893375921518,
        7.696501682898569,
        7.709910782720637,
        7.802332626853321,
        7.685933879416,
        7.773621464783041,
        7.720352684272394,
        7.691153876657105,
        7.716994412317881,
        7.734344443840103,
        7.766061305421974,
        7.714585696839344,
        7.686777460513963,
        7.674038918228818,
        7.736459246838498,
        7.690522637333887,
        7.69884819628856,
        7.6902678946089456,
        7.657226553718564,
        7.73719984074365,
        7.686306058864137,
        7.691694353121253,
        7.711510036860881,
        7.749902430743081,
        7.764087824631394
    ]
}