{"x": [79, 78, 79, 79, 80, 80, 78, 79, 80, 80, 78, 79, 78, 80, 80, 77, 79, 78, 77, 81, 81, 77, 77, 77, 78, 76, 78, 79, 77, 76, 76, 77, 81, 76], "y": [72, 72, 71, 73, 71, 72, 73, 70, 69, 70, 71, 69, 70, 68, 73, 74, 68, 69, 72, 71, 72, 71, 73, 70, 74, 72, 68, 67, 69, 71, 73, 75, 68, 70], "velocity": [4.801284368091121, 4.794888841261976, 4.704269702444666, 4.756697051336699, 4.766375262951114, 4.792991307520882, 4.716504562590723, 4.696342051588132, 4.791388367893855, 4.710279612833968, 4.699642791252907, 4.758910553669399, 4.690437287366961, 4.824349431166442, 4.749643849109132, 4.751128136291034, 4.822443229106923, 4.720951574445935, 4.66879205662102, 4.706116247263237, 4.753031400460959, 4.643513571766393, 4.657043554148479, 4.648882565215038, 4.694952692074562, 4.648224134602195, 4.78431602177183, 4.824501600405395, 4.6764989821298455, 4.640905909280735, 4.685675907599929, 4.755654988728855, 4.781565071243079, 4.620635058410076]}