{"x": [160, 161, 159, 160, 158, 162, 158, 161, 159, 157, 161, 160, 157, 162, 159, 158, 163, 163, 158, 162, 159, 161, 161, 163, 157, 163, 162, 163], "y": [57, 58, 56, 58, 55, 59, 56, 59, 57, 55, 60, 59, 56, 60, 58, 57, 60, 59, 58, 62, 59, 61, 62, 61, 57, 62, 61, 63], "velocity": [6.961234710963004, 6.956582748200902, 6.979384478962222, 7.0021792866595804, 6.992174122959073, 6.973509010893137, 7.03037686239645, 6.9824819555757145, 7.000601329973149, 7.026306567621956, 6.963335105096075, 7.01867984615838, 7.05852614180982, 6.951191414263457, 7.050932502917329, 7.06957502951245, 6.994854877815973, 7.010648948885707, 7.1206883039720665, 6.875178199432667, 7.070841964302405, 6.893526594840499, 6.832918457976729, 6.912951688075502, 7.066734118990382, 6.86202193316034, 6.943599068511213, 6.812671668834106]}