{"x": [60, 61, 62, 60, 64, 61, 63, 64, 63, 65, 61, 62, 60, 64, 59, 62, 63, 65, 59, 63, 65, 62, 62, 64, 64, 66, 61, 59, 61, 63, 60, 66, 65, 66, 62, 65, 63, 63, 64, 59, 64, 63, 58, 62, 64, 65, 62, 58, 64, 66, 66, 58, 65, 58, 63, 64, 60, 61, 65, 63, 66, 61, 64, 64, 65, 63, 61, 64, 65, 66, 64, 60, 66, 60, 65, 65, 59, 65, 62, 64, 65, 59, 60, 62, 67, 58, 58], "y": [62, 62, 62, 63, 61, 61, 62, 62, 61, 61, 63, 63, 61, 60, 62, 61, 60, 62, 63, 63, 60, 64, 60, 59, 63, 61, 64, 61, 60, 64, 64, 60, 59, 62, 59, 63, 59, 58, 58, 64, 64, 65, 62, 65, 65, 58, 58, 63, 57, 59, 63, 64, 64, 61, 67, 67, 65, 58, 67, 68, 67, 65, 69, 68, 57, 66, 59, 70, 68, 66, 66, 58, 68, 59, 71, 66, 59, 69, 67, 71, 70, 58, 60, 66, 59, 59, 58], "velocity": [7.455508133465978, 7.400319513681028, 7.323931349468954, 7.417243828214467, 7.1667297850963845, 7.362650635179518, 7.24085509261246, 7.204592329043022, 7.187323845175015, 7.197806020450939, 7.373777366433426, 7.316705413560967, 7.424937698355249, 7.150054576609514, 7.479464006407166, 7.264359670335957, 7.146150236764743, 7.193793434821868, 7.470724682651189, 7.335719919205241, 7.181554021715473, 7.331989381058279, 7.187529000323371, 7.1313430668420805, 7.262813504292501, 7.23834480493085, 7.378661539170404, 7.460360483307799, 7.323386171845568, 7.347745473609826, 7.329901441466614, 7.246731666577073, 7.16494595424586, 7.210537982734665, 7.15968101486943, 7.192848188825021, 7.150450246911063, 7.070829538714579, 7.107804071284749, 7.372235224183219, 7.320929840606939, 7.360024016294841, 7.491937818420883, 7.360861367815109, 7.332127711419583, 7.12645770877664, 7.040968868818497, 7.488062189280204, 7.049664591846039, 7.107938882905376, 7.21198955032657, 7.401576439784789, 7.204468997840717, 7.451997460128778, 7.329051265261, 7.391133656185101, 7.347594056035766, 7.022512456248793, 7.398849254975716, 7.321963265268283, 7.374533897438835, 7.384005530467035, 7.402778476611822, 7.392200627627632, 7.049974130108242, 7.38803734901297, 7.001947638208308, 7.375800241953353, 7.39990966407451, 7.370827295534013, 7.399673897775089, 6.896662739166314, 7.410692072992961, 6.94324600603466, 7.425926451007135, 7.416545378305022, 6.938436734283608, 7.411260745069139, 7.427935432351003, 7.375555636825826, 7.366454562988487, 6.88256045542948, 6.986157611136267, 7.398908807476548, 7.101018137195654, 6.915991472327446, 6.894480375367246]}