{
    "x": [
        80,
        80,
        79,
        81,
        79,
        80,
        80,
        79,
        83,
        81,
        81,
        81,
        80,
        82,
        78,
        81,
        83,
        78,
        83,
        81,
        79,
        82,
        82,
        82,
        79,
        82,
        84,
        82,
        82,
        83,
        83,
        84,
        83,
        83,
        83,
        78,
        82,
        82,
        80,
        84,
        80,
        84,
        83,
        79,
        81,
        84,
        78,
        84,
        81,
        83,
        84,
        84,
        85,
        84,
        84,
        78,
        81
    ],
    "y": [
        31,
        32,
        31,
        31,
        30,
        33,
        30,
        32,
        37,
        34,
        30,
        32,
        34,
        31,
        30,
        33,
        38,
        29,
        36,
        35,
        29,
        35,
        32,
        34,
        33,
        33,
        37,
        37,
        36,
        35,
        31,
        36,
        32,
        33,
        34,
        31,
        30,
        38,
        29,
        38,
        35,
        35,
        30,
        34,
        36,
        34,
        32,
        33,
        29,
        39,
        32,
        31,
        36,
        30,
        39,
        33,
        37
    ],
    "velocity": [
        8.157858180299112,
        8.248560300172592,
        8.093752189614314,
        8.14970818699885,
        7.997409670481127,
        8.350497948106277,
        8.014135861160957,
        8.214052862265003,
        8.403940670505241,
        8.414119389648116,
        8.04322241911835,
        8.25529672693434,
        8.414685170682912,
        8.175549187607892,
        7.982605452733904,
        8.356707691935618,
        8.43191576746914,
        7.924418438932574,
        8.382622443589067,
        8.436465026927262,
        7.895854154232896,
        8.402381256808722,
        8.24965157034712,
        8.374286035452167,
        8.320483732249915,
        8.327129794771386,
        8.424520527951168,
        8.40946476008619,
        8.40218186016395,
        8.366178347294525,
        8.209860212677823,
        8.381129926088784,
        8.242042229956933,
        8.296107324069435,
        8.333390981613716,
        8.108267991569823,
        8.186993978297977,
        8.439591592044964,
        7.93510405121263,
        8.46057627559151,
        8.438013046479226,
        8.35932230145386,
        8.229649394595569,
        8.387968609982405,
        8.445341505289951,
        8.328084934313155,
        8.256552896673904,
        8.282605898376806,
        8.050765614127531,
        8.440012672907068,
        8.237476445300526,
        8.202354144697223,
        8.381233227699811,
        8.198311343365221,
        8.450717237996576,
        8.344827930197596,
        8.46352732630995
    ]
}