{
    "x": [
        120,
        120,
        119,
        118,
        119,
        118,
        120,
        119,
        119,
        117,
        120,
        118,
        119,
        119,
        119,
        119,
        118,
        118,
        121,
        118,
        121,
        118,
        118,
        120,
        120,
        120,
        119,
        121,
        117,
        121,
        117,
        120,
        117,
        116,
        121,
        121,
        117,
        118,
        116,
        120,
        118,
        117,
        117,
        118
    ],
    "y": [
        83,
        82,
        83,
        79,
        82,
        80,
        84,
        84,
        79,
        81,
        81,
        78,
        81,
        80,
        85,
        78,
        84,
        83,
        83,
        81,
        82,
        85,
        82,
        80,
        79,
        85,
        86,
        81,
        82,
        84,
        83,
        78,
        84,
        82,
        80,
        79,
        85,
        86,
        83,
        86,
        87,
        86,
        87,
        88
    ],
    "velocity": [
        8.755628417311286,
        8.69514765214526,
        8.7091750276032,
        8.480000000000015,
        8.670977696501332,
        8.488190826420253,
        8.821148765716995,
        8.733266554994788,
        8.480000000000231,
        8.480000000000365,
        8.655838539944899,
        8.480000000000006,
        8.648668664432877,
        8.570158616672092,
        8.712481042550262,
        8.480000000000153,
        8.673340067044059,
        8.662175810082394,
        8.802866886828607,
        8.574580240756701,
        8.718868153484197,
        8.659877203311945,
        8.659707476680959,
        8.633305237066686,
        8.552192762867383,
        8.821876643090102,
        8.648531123905716,
        8.67417582777032,
        8.527517058616928,
        8.872861914608219,
        8.570662177279079,
        8.540000000000006,
        8.573107933278658,
        8.480000000000015,
        8.633900812502656,
        8.61015985108776,
        8.563210514490873,
        8.540000000000006,
        8.480000000000189,
        8.680674403467325,
        8.660000000000007,
        8.660000000000007,
        8.660000000000007,
        8.660000000000007
    ]
}