{"x": [81, 80, 81, 82, 82, 80, 81, 80, 83, 82, 81, 79, 83, 79, 80, 82, 80, 78, 81, 82, 83, 79, 83, 78, 83, 82, 82, 77, 78, 81, 81, 80, 79, 77, 76, 75, 78, 81, 76], "y": [21, 22, 22, 21, 20, 21, 20, 23, 21, 22, 23, 22, 20, 21, 20, 23, 24, 22, 24, 24, 22, 20, 19, 21, 25, 19, 25, 22, 20, 25, 19, 19, 19, 21, 22, 22, 19, 18, 21], "velocity": [6.453105239868949, 6.441500684744835, 6.45757345100226, 6.495316380376594, 6.524972083463858, 6.419532088072152, 6.448422907856967, 6.478629967190073, 6.56804643343608, 6.482117966454515, 6.4734822019341856, 6.484245243575279, 6.586180597136221, 6.454794778182123, 6.394610115905313, 6.497070918299878, 6.536211887253787, 6.565033400328821, 6.475350450661664, 6.499987475953088, 6.51299326235199, 6.406440460406013, 6.547082657528072, 6.513581947188584, 6.513262046143169, 6.424604973726414, 6.4770024552437295, 6.516324053101858, 6.492533683150575, 6.459907883735856, 6.37187543587874, 6.358049249903434, 6.384154660860955, 6.48483192396283, 6.500703548151201, 6.49823745433658, 6.430098988523079, 6.347550559343531, 6.472586096537711]}