{"x": [76, 77, 78, 79, 79, 76, 77, 75, 78, 78, 75, 75, 74, 77, 79, 76, 73, 77, 75, 78, 73, 74, 76, 75, 76, 77, 79], "y": [4, 4, 4, 5, 4, 3, 3, 5, 5, 3, 4, 3, 3, 5, 3, 2, 3, 2, 2, 2, 1, 1, 1, 1, 5, 1, 2], "velocity": [7.355466764557616, 7.321767735019941, 7.298189602387372, 7.273534873081373, 7.306574813833682, 7.36079616021901, 7.308387413348965, 7.461427249777878, 7.220797569804593, 7.257050753711843, 7.459169018304772, 7.429037293060315, 7.421711437281916, 7.223690412005484, 7.315393257740526, 7.401962216964654, 7.399999999999736, 7.295902864414135, 7.459068982805594, 7.20320063919956, 7.430429811166753, 7.454764066064915, 7.446432449347862, 7.5009593119455475, 7.213157855444374, 7.279509107833506, 7.318711048085907]}