{
    "x": [
        135,
        136,
        136,
        135,
        135,
        135,
        136,
        136,
        135,
        136,
        137,
        137,
        137,
        138,
        137,
        134,
        134,
        136,
        135,
        134,
        137,
        134,
        133,
        138,
        133,
        139,
        133,
        132,
        132,
        132,
        131,
        130,
        131,
        131,
        130,
        130
    ],
    "y": [
        92,
        92,
        93,
        91,
        93,
        90,
        90,
        91,
        94,
        94,
        93,
        94,
        92,
        94,
        91,
        91,
        90,
        95,
        95,
        94,
        95,
        95,
        91,
        95,
        90,
        95,
        94,
        95,
        93,
        94,
        92,
        92,
        93,
        94,
        93,
        94
    ],
    "velocity": [
        7.485009154810248,
        7.494171010422701,
        7.476614411360553,
        7.494562052709869,
        7.466876562237886,
        7.513157260455489,
        7.50816312118812,
        7.499862039211209,
        7.443135212540345,
        7.401360130648405,
        7.441269115159175,
        7.405786411170831,
        7.496321561956061,
        7.39050384755382,
        7.496855371540986,
        7.577846507075076,
        7.556686954294246,
        7.489112451387817,
        7.483158278201401,
        7.521299748408187,
        7.503205541924792,
        7.490460261157884,
        7.581168653410999,
        7.511748046082285,
        7.552198249213537,
        7.496820660826522,
        7.514592731624383,
        7.427769654048364,
        7.509230543709926,
        7.483172834752781,
        7.404075373748794,
        7.360000000001047,
        7.458616147828836,
        7.46812175990814,
        7.40389665346619,
        7.414665167756736
    ]
}