{"x": [29, 30, 28, 29, 30, 29, 26, 27, 28, 27, 26, 28, 31, 28, 27, 26, 29, 28, 31, 26, 27, 30, 30, 31, 26, 27, 26, 29, 31, 31, 28, 30, 31, 27, 27, 29, 26, 26], "y": [35, 35, 35, 36, 36, 34, 33, 34, 34, 33, 34, 37, 35, 36, 35, 32, 37, 33, 36, 36, 32, 34, 37, 38, 35, 36, 31, 33, 37, 34, 32, 33, 39, 31, 29, 32, 30, 29], "velocity": [6.946214810416432, 6.982348446408947, 6.9036242844555735, 6.931888266562166, 6.965652133723702, 6.9381854628456585, 6.796904244480435, 6.831033797354759, 6.864015040328594, 6.791852935616422, 6.82311493263366, 6.985739425842761, 7.010913936810312, 6.904637252969963, 6.879163579920588, 6.793655789709589, 6.926480014893525, 6.820152617839963, 6.991274527399515, 6.956369057914196, 6.782745836835854, 6.960172403477425, 6.938791128531327, 7.06690849661191, 6.865357039257431, 6.913435194306096, 6.818166025421078, 6.879967265095504, 7.020652187770503, 7.000453604483676, 6.793871881570754, 6.953326477198426, 7.014279481522161, 6.793531916092308, 6.863311684313644, 6.835464609013233, 6.796866973396355, 6.836181789483265]}