{
    "x": [
        50,
        51,
        49,
        49,
        50,
        51,
        52,
        48,
        48,
        49,
        50,
        51,
        52,
        51,
        52,
        50,
        52,
        52,
        53,
        53,
        53,
        52,
        54,
        53,
        54,
        51,
        52,
        54,
        53,
        55,
        55,
        50,
        50,
        53,
        52,
        49,
        52,
        51,
        48,
        48
    ],
    "y": [
        80,
        80,
        80,
        81,
        81,
        81,
        79,
        81,
        82,
        82,
        82,
        79,
        78,
        78,
        80,
        79,
        77,
        81,
        79,
        80,
        81,
        82,
        78,
        78,
        80,
        83,
        83,
        77,
        77,
        78,
        79,
        84,
        83,
        76,
        76,
        84,
        75,
        75,
        83,
        84
    ],
    "velocity": [
        7.446940051723961,
        7.500271426758993,
        7.522913553292964,
        7.436802681182754,
        7.423265835898247,
        7.412405087230175,
        7.562295341023034,
        7.416871699096173,
        7.401885815440445,
        7.422732824705303,
        7.447105472586263,
        7.641465152794308,
        7.54159229864576,
        7.622516132686466,
        7.664221136568146,
        7.639499455297234,
        7.5226925953462755,
        7.6552387606798815,
        7.731509133451557,
        7.724401726820036,
        7.725672218635587,
        7.623044432904335,
        7.764878795502048,
        7.679302808341397,
        7.719319558220107,
        7.579754424951053,
        7.54957419953376,
        7.684892879738884,
        7.812577280835474,
        7.844450782831806,
        7.842417618196444,
        7.6195593633810175,
        7.54370002134917,
        7.679999999999999,
        7.778996420564087,
        7.568188276261415,
        7.760000000000559,
        7.760000000000004,
        7.518136239083006,
        7.518401484564591
    ]
}