{"x": [102, 101, 100, 102, 102, 101, 103, 103, 104, 103, 101, 100, 100, 102, 103, 108, 104, 101, 108, 100, 107, 105, 104, 101, 107, 103, 105, 102, 108, 107, 107, 106, 104, 105, 105, 104, 105, 106, 105, 103, 106, 104, 105, 99, 104, 105, 106, 104], "y": [41, 40, 40, 42, 40, 41, 43, 42, 43, 41, 39, 39, 41, 39, 40, 40, 42, 42, 39, 42, 39, 43, 41, 38, 40, 39, 42, 38, 38, 38, 37, 39, 40, 39, 41, 39, 40, 38, 38, 38, 37, 38, 37, 42, 37, 36, 36, 36], "velocity": [6.821611272931483, 6.784116881576565, 6.762482777284126, 6.811291183517858, 6.82226889095196, 6.766542230843485, 6.852599446395723, 6.83606181121999, 6.872628188464475, 6.849325818790722, 6.766234856232743, 6.735702489679054, 6.748512306129836, 6.817401037509577, 6.840531792133874, 6.870704633657748, 6.833526440728012, 6.747250359383986, 6.828791832473537, 6.766044592031933, 6.86364565121264, 6.7698744910197, 6.871959664017271, 6.801876263688316, 6.87363108695087, 6.84312606155983, 6.7865956555566544, 6.900554675941705, 6.80984579924529, 6.867954717735287, 6.938387254740953, 6.892370983194181, 6.834270881807821, 6.870412478523224, 6.83350230653484, 6.86090970201181, 6.82259387894639, 6.863520155782112, 6.874200756510408, 6.8788013613477, 6.922892729862295, 6.859888780840377, 6.875512844440504, 6.771594236824851, 6.85555446420433, 6.88749082412, 6.842752177353956, 6.813961238810637]}