{"x": [59, 56, 56, 59, 55, 60, 58, 58, 57, 57, 55, 55, 60, 64, 58, 56, 57, 54, 68, 54, 68, 69, 64, 65, 65, 59, 61, 60, 65, 67, 59, 61, 65, 65, 64, 68, 69, 56, 57, 67, 58, 66, 65, 54, 64, 56, 63, 66, 70, 63, 66, 68, 55, 67, 55, 62, 57, 65, 58, 58, 67, 60, 61, 64, 65, 59, 64, 53, 59, 65, 64, 53, 55, 63, 66, 60, 62, 66, 54, 61, 68, 57, 54, 56, 54, 62, 64, 57, 67, 56, 54, 65, 62, 66, 63, 56, 66, 66, 54, 55, 55, 64, 53, 57, 55, 66, 61, 67, 56, 56, 55, 60, 54, 63, 60, 58, 62, 59, 56, 59, 67, 63, 57, 53, 61, 62, 66, 63, 56, 61, 53, 58, 54, 53, 65, 60, 53, 62, 67], "y": [10, 9, 10, 9, 9, 10, 9, 10, 10, 9, 10, 8, 9, 11, 8, 8, 8, 9, 5, 8, 6, 6, 10, 6, 11, 8, 10, 11, 5, 6, 11, 9, 12, 10, 12, 4, 7, 11, 7, 4, 7, 4, 7, 10, 9, 7, 10, 6, 7, 11, 7, 7, 11, 5, 7, 10, 11, 13, 11, 6, 7, 8, 11, 13, 9, 7, 5, 8, 6, 8, 6, 9, 6, 9, 8, 7, 9, 9, 15, 8, 8, 6, 7, 2, 11, 8, 7, 4, 8, 6, 14, 14, 11, 5, 12, 4, 10, 12, 13, 12, 13, 8, 7, 5, 14, 11, 7, 9, 12, 3, 4, 6, 12, 8, 12, 5, 7, 12, 5, 5, 10, 13, 12, 14, 12, 12, 13, 7, 13, 6, 11, 12, 4, 13, 15, 5, 12, 6, 11], "velocity": [6.723536390955068, 6.634437259233668, 6.618861545867882, 6.702356598693889, 6.66004363457351, 6.755481276038177, 6.670199874887448, 6.684171564629997, 6.636878668084162, 6.644479141113876, 6.65249724851915, 6.681801672256621, 6.742581927537337, 6.884265730977601, 6.686495770028911, 6.6660919688401465, 6.684318649290575, 6.716043827354777, 6.998871475591542, 6.700999460121117, 6.975025831970204, 6.971979637413801, 6.919363369136854, 6.924894708748683, 6.903888133920445, 6.699075510549387, 6.811142716318344, 6.760797251856162, 6.944036856962532, 6.919675299566848, 6.740251512562002, 6.788928988588834, 6.862601348682748, 6.934918130731724, 6.844946578673226, 6.973565119553461, 6.927951782632778, 6.615427358669671, 6.75772464240838, 6.93984867320941, 6.73518863020723, 6.919031588552474, 6.8826869570462765, 6.763405278819537, 6.903256674143634, 6.747441875707374, 6.904118903670664, 6.886813558591718, 6.919209655512289, 6.861697591972419, 6.883371271770805, 6.9338780717053226, 6.648334259357349, 6.90841275028115, 6.68108725830081, 6.830463207306358, 6.646213182451842, 6.815434521684436, 6.695121412729224, 6.786987411643943, 6.879302237613134, 6.734756997330269, 6.794199047653417, 6.779383251665974, 6.921697547192555, 6.730569728300682, 6.9091096111742205, 6.683290284846418, 6.77259905706587, 6.876261221549514, 6.864708798879513, 6.695980104011901, 6.8058700887075565, 6.858896528842217, 6.899869974573639, 6.753411099418138, 6.832710177721135, 6.94577046940478, 6.543857944082707, 6.776674775227307, 6.925807546760517, 6.787224748407047, 6.66613149010252, 6.907508653996491, 6.765008032949591, 6.823491076393523, 6.838964988651695, 6.859865244633457, 6.906080738378608, 6.778699187714513, 6.578465637266914, 6.755947782291633, 6.848375802828148, 6.876739764474871, 6.843815543768767, 6.866731756806852, 6.952881838811715, 6.894030733583379, 6.652643137038655, 6.61858375763897, 6.630246991354242, 6.846293835710226, 6.6771711317463405, 6.8050670749888695, 6.588760805025441, 6.9321924401297, 6.763284587014152, 6.933439744232492, 6.6325141642756975, 6.859621854195122, 6.901773899850675, 6.754878451988431, 6.650451105775328, 6.848668656535106, 6.8217748956375655, 6.791120056462644, 6.775930176544711, 6.811197836877954, 6.789860632585946, 6.768378766809734, 6.969521825141666, 6.777567267140705, 6.694198524661255, 6.572247049879247, 6.81553087208867, 6.833016271555325, 6.858206934180879, 6.835649562289176, 6.657664885477272, 6.738169646612219, 6.811362616095805, 6.771644976450763, 6.896750107382932, 6.670110334823417, 6.734499593966106, 6.751324277832114, 6.717305889524172, 6.725402622402844, 6.962461315482858]}