{"x": [64, 64, 65, 60, 61, 65, 60, 60, 64, 61, 66, 64, 61, 65, 66, 60, 61, 66, 62, 59, 66, 59, 61, 63, 62, 63, 65, 64, 62, 62, 65, 63, 61, 59, 64, 63, 62, 64, 59, 62, 64, 60, 64, 64, 63, 62, 62, 61, 65, 64, 66, 59, 63, 63, 63, 63, 65, 58, 64, 65, 66, 58, 58, 60, 64, 63, 65, 62, 63, 65, 63, 61, 67, 58, 63, 67, 63, 64, 59, 65, 63, 64, 60, 65, 58, 62, 65, 62, 57, 59, 58], "y": [30, 31, 31, 26, 26, 30, 25, 27, 32, 25, 31, 29, 27, 32, 32, 24, 24, 30, 22, 27, 33, 26, 23, 28, 21, 21, 33, 33, 26, 27, 29, 22, 22, 28, 18, 20, 23, 17, 25, 25, 19, 23, 28, 20, 19, 24, 20, 21, 17, 21, 34, 24, 34, 27, 23, 18, 18, 27, 22, 34, 29, 28, 26, 22, 34, 17, 19, 19, 26, 28, 33, 20, 34, 25, 24, 29, 25, 27, 23, 20, 35, 23, 21, 21, 24, 18, 22, 17, 26, 22, 23], "velocity": [6.311804624191497, 6.294120726532834, 6.353807698575765, 6.453798421776545, 6.435432801299493, 6.355309342617384, 6.426905725151116, 6.47145561482429, 6.256868307163978, 6.421449967851765, 6.396442562761005, 6.30266564985816, 6.428858580909484, 6.338618604407951, 6.376928646816549, 6.378574583187769, 6.373756967441826, 6.388391949675695, 6.448370513519011, 6.445897382517955, 6.341777101874538, 6.385431109020099, 6.3998015585581465, 6.277841842002452, 6.4803474184791146, 6.448849459805971, 6.305749991684029, 6.215684019397323, 6.398643240320892, 6.360786131141505, 6.333943330987355, 6.418587361174225, 6.4495596807876, 6.425520841145335, 6.3917552808732205, 6.460990158898511, 6.402895409384564, 6.408600351911834, 6.3543335839168895, 6.4096878771730985, 6.409350371784786, 6.397256221388835, 6.278424871103114, 6.422272434006804, 6.455296078525322, 6.398198248145111, 6.489364583505865, 6.495384882109011, 6.402654057531985, 6.418874741449694, 6.235154453560592, 6.368050941344404, 6.14867376909377, 6.309831217758433, 6.420517177175525, 6.450528725501269, 6.401470313367897, 6.434912384651712, 6.412765744485089, 6.224506123706103, 6.355306146302915, 6.45393053388976, 6.40810709887111, 6.434018075237849, 6.192490788343082, 6.470605642404051, 6.411572475780534, 6.541649484439416, 6.341036353951539, 6.298783949199966, 6.183021421630382, 6.506444087448396, 6.271552560508353, 6.4003680964291165, 6.390870272716131, 6.403455956911987, 6.345271207674465, 6.27359241901027, 6.381416938801021, 6.431123648503642, 6.123425532288659, 6.403506546879938, 6.517280399821886, 6.422406682464563, 6.416134150068975, 6.5543210859277785, 6.412287566685737, 6.559999999999995, 6.455844902300407, 6.441230711874423, 6.436450448545254]}