{"x": [52, 51, 51, 45, 52, 52, 51, 50, 46, 51, 50, 53, 46, 48, 53, 49, 49, 47, 48, 52, 50, 53, 54, 46, 45, 52, 50, 47, 46, 46, 51, 46, 48, 54, 53, 51, 54, 53, 54, 55, 46, 53, 49, 55, 50, 51, 46, 54, 50, 53, 46, 47, 55, 52, 51, 50, 47, 54, 47, 52, 49, 52, 55, 56, 46, 50, 51, 48, 47, 47, 55, 46, 48, 55, 56, 47, 48, 50, 56, 52, 52, 48, 54, 47, 56, 53, 49, 49, 46, 50, 52, 48, 53, 50, 47, 51, 47, 49, 55, 49, 47, 46, 46, 53, 49, 56, 48, 53, 57, 56, 54, 48, 49, 57, 57, 48, 56, 47, 51, 49, 53, 50, 52, 54, 55, 56, 57, 52, 57, 46, 54, 57, 54, 57, 51, 48, 56, 55, 55, 52, 47, 56, 55, 49, 53, 51, 56, 58, 50, 55, 57, 48, 46, 57, 58, 58, 58, 57, 58, 57, 58, 58, 48, 58, 53, 56, 54, 56, 57, 53, 59, 55, 58, 58, 59, 59, 58, 58], "y": [18, 19, 18, 17, 19, 17, 20, 19, 19, 17, 20, 18, 18, 19, 17, 19, 20, 19, 20, 20, 18, 19, 17, 17, 16, 16, 21, 18, 16, 8, 16, 9, 18, 18, 16, 21, 26, 25, 25, 17, 10, 26, 18, 26, 17, 23, 7, 16, 23, 24, 11, 11, 27, 24, 22, 22, 12, 27, 16, 23, 21, 21, 18, 27, 15, 16, 15, 12, 10, 17, 16, 12, 13, 25, 28, 13, 11, 15, 26, 15, 22, 17, 24, 9, 17, 23, 13, 14, 6, 14, 25, 14, 27, 13, 8, 14, 14, 17, 28, 12, 15, 14, 13, 15, 15, 18, 16, 20, 28, 29, 23, 10, 16, 29, 27, 15, 25, 7, 13, 11, 22, 12, 14, 15, 24, 16, 30, 26, 18, 5, 22, 17, 28, 26, 25, 9, 30, 15, 29, 27, 6, 24, 23, 10, 14, 12, 19, 18, 11, 22, 31, 8, 4, 16, 28, 30, 27, 19, 29, 25, 17, 31, 7, 19, 28, 31, 14, 15, 24, 21, 18, 30, 26, 32, 19, 17, 24, 25], "velocity": [7.928376078837016, 7.925533262432036, 7.9078857907854845, 7.488665205166201, 7.962756963769582, 7.90540474244107, 7.925457836297594, 7.848724021387333, 7.67329548829574, 7.899175010401199, 7.846102913057344, 7.908210614793689, 7.705761859071105, 7.740016984530451, 7.905441271844295, 7.764304724608275, 7.795011445081601, 7.732807060641551, 7.730260730950499, 7.97167329771877, 7.85165298958259, 7.896570967088203, 7.89922065335525, 7.682342923329637, 7.532006039300702, 7.890357922722409, 7.860827365303685, 7.763703297347636, 7.533402432399184, 7.605753658672304, 7.851339596763768, 7.596601891804752, 7.735462077784106, 7.873784006201986, 7.917312881427962, 7.908665961442423, 7.67501584791104, 7.673143527407324, 7.661399572700722, 7.885819013398661, 7.599206306933064, 7.667483087835342, 7.758936861994536, 7.681324752550144, 7.841929409265337, 7.69318620910234, 7.599979409926988, 7.925247017469176, 7.697394096914413, 7.648433534740672, 7.5915879323212945, 7.66566915216562, 7.65333266551125, 7.692752282090574, 7.799064603957936, 7.811143578918542, 7.662344736626562, 7.671574411126067, 7.559447984538193, 7.691009728187708, 7.815056885378058, 7.960393065561496, 7.853749303547542, 7.626446102886129, 7.581715452200984, 7.811943765345982, 7.804774423723796, 7.675918393868408, 7.650516264572888, 7.755278673144038, 7.898642951711524, 7.578606475731308, 7.688542171487374, 7.676971648933255, 7.578105401511572, 7.6802717662071105, 7.682382420251312, 7.781548298693494, 7.681041469248161, 7.840955825045103, 7.740887277138548, 7.662876206192123, 7.632031632013167, 7.619130418993411, 7.888388163370404, 7.627603912068514, 7.687272126936959, 7.733242105614546, 7.578327484094178, 7.760232252808766, 7.717427492864108, 7.715851557829586, 7.664625351889435, 7.687867014926739, 7.635409039847994, 7.756583564380479, 7.704337375934261, 7.750375000851073, 7.61146037931908, 7.676525590608715, 7.617438153946066, 7.638989382695779, 7.63705711100029, 7.900561524970831, 7.738905004270814, 7.863694519218335, 7.629186384624027, 7.949806101381648, 7.567123747006024, 7.550706234474878, 7.615014841239418, 7.681637647243869, 7.732859189225186, 7.515776286201923, 7.622898263641315, 7.678807130057821, 7.734248839158933, 7.624171852430045, 7.722741933709925, 7.701116370118044, 7.590929422578061, 7.673885036371863, 7.780059158606194, 7.918836343949785, 7.640812825155381, 7.901681027857206, 7.499416311484661, 7.674297818903483, 7.900761783929487, 7.559288073877994, 7.571188867834188, 7.905642471826624, 7.624791484169984, 7.667250273144116, 7.709307883556437, 7.661233678297769, 7.524065336980247, 7.904727856125384, 7.597326190515946, 7.678006010862111, 7.612093191287605, 7.737606166885417, 7.594880222160267, 7.701252447641115, 7.848213140948327, 7.674230507345412, 7.809401496973457, 7.894705805630245, 7.69642635687288, 7.620546018615186, 7.4634594713554305, 7.625912397686084, 7.563871968138847, 7.928911588730688, 7.573718829379144, 7.538882188182765, 7.645794693034392, 7.851412406637449, 7.57108512834353, 7.729648265719551, 7.83552487127752, 7.505242661991446, 7.597759516185896, 7.903499928297715, 7.716936997454009, 7.532825462083284, 7.892799473814645, 7.885512947076057, 7.79235658412107, 7.904437028674764, 7.915856804948644, 7.580048660489925, 7.6052154031821315, 7.514494244277113, 7.91095867074014, 7.902639144814595, 7.733816112890326, 7.593011663491882]}