{
    "x": [
        174,
        173,
        175,
        174,
        175,
        176,
        174,
        175,
        173,
        176,
        173,
        177,
        176,
        179,
        177,
        178,
        178,
        172,
        184,
        183,
        175,
        178,
        177,
        179,
        180,
        182,
        183,
        175,
        179,
        180,
        182,
        176,
        181,
        179,
        177,
        181,
        185,
        178,
        182,
        183,
        180,
        176,
        184,
        181,
        180,
        182,
        181,
        179,
        181,
        181,
        185,
        180,
        177,
        171,
        178,
        174,
        177,
        178,
        180,
        172
    ],
    "y": [
        97,
        97,
        97,
        98,
        98,
        97,
        96,
        96,
        98,
        98,
        96,
        98,
        96,
        100,
        97,
        100,
        99,
        96,
        99,
        99,
        99,
        98,
        99,
        99,
        100,
        99,
        100,
        95,
        98,
        101,
        100,
        99,
        100,
        101,
        96,
        101,
        99,
        97,
        98,
        98,
        99,
        95,
        100,
        99,
        97,
        101,
        97,
        97,
        98,
        102,
        100,
        98,
        100,
        96,
        96,
        95,
        95,
        101,
        102,
        97
    ],
    "velocity": [
        8.677248805691349,
        8.626575924076226,
        8.712885869049495,
        8.629646931286558,
        8.674134187646379,
        8.759335789374205,
        8.719163424921224,
        8.744271856239086,
        8.708903801662183,
        8.73462744308974,
        8.68745461642065,
        8.807604649662878,
        8.77649770649653,
        8.871016165599277,
        8.795282705677419,
        8.869414343456338,
        8.866787525031302,
        8.641704919944218,
        8.64117366604916,
        8.77183280603417,
        8.59976034976357,
        8.835762942015277,
        8.811667830118099,
        8.871755359628304,
        8.842392562039905,
        8.81640944219439,
        8.709083480590257,
        8.801188224245568,
        8.879119858069926,
        8.836017564848813,
        8.783414829060858,
        8.708793759654293,
        8.817912199721338,
        8.849647340069962,
        8.808724055374936,
        8.77589360348412,
        8.575356688493887,
        8.810561499679052,
        8.83202954910588,
        8.816506605301862,
        8.838078300063565,
        8.811994225530858,
        8.680542719234994,
        8.81317764141434,
        8.822854044447357,
        8.655511169924996,
        8.831837636089576,
        8.829132848592094,
        8.867698320397398,
        8.640714528204578,
        8.574873859466646,
        8.894282446396028,
        8.797883345441132,
        8.713638475334761,
        8.816801673659013,
        8.772717594343158,
        8.852339169320906,
        8.789317323519464,
        8.848185649557434,
        8.728263831633436
    ]
}