{"x": [46, 43, 45, 44, 45, 46, 44, 45, 42, 44, 43, 43, 45, 42, 42, 43, 42, 44, 45, 43, 42, 44, 45, 43], "y": [20, 16, 20, 19, 18, 21, 18, 19, 16, 20, 19, 18, 21, 17, 18, 20, 19, 21, 22, 21, 20, 22, 23, 22], "velocity": [7.497998453685682, 7.331547795349255, 7.465160674334455, 7.506930404974032, 7.572379071906839, 7.397732920428166, 7.522784676661531, 7.590032814960833, 7.373798404710131, 7.4709224431116095, 7.496744481338479, 7.547157996254611, 7.389602466615522, 7.354029619302972, 7.398964273691519, 7.486977020869753, 7.42351091002944, 7.436644287634876, 7.334978535356307, 7.491515005195603, 7.461927356832441, 7.427348879311068, 7.297471762083357, 7.474101794227085]}