{"x": [78, 79, 80, 80, 80, 81, 80, 81, 82, 81, 83, 82, 84, 83, 82, 84, 83, 82, 81, 82, 82, 81, 81, 83, 81, 80, 82, 84, 84, 81], "y": [6, 6, 5, 4, 6, 4, 3, 5, 5, 3, 5, 4, 4, 4, 6, 5, 6, 3, 2, 7, 2, 1, 6, 3, 7, 2, 1, 6, 3, 8], "velocity": [7.340000000000003, 7.3344252847514335, 7.334317702624528, 7.389084873286335, 7.374919120302513, 7.495859107863974, 7.430092114747799, 7.497935507864368, 7.58566487554398, 7.484113686628329, 7.643008339491551, 7.550195109436478, 7.590857435181558, 7.590881354021064, 7.60133399065895, 7.662306932358573, 7.667955814938855, 7.499922186374884, 7.4594570283753425, 7.60385288470973, 7.469053028968151, 7.428958970153466, 7.489485434897293, 7.529569851823024, 7.5475214049660515, 7.428669480319233, 7.442796285351644, 7.664338003429631, 7.5270783237944014, 7.571599770405762]}