{"x": [97, 96, 96, 97, 98, 98, 97, 95, 99, 98, 98, 99, 99, 96, 95, 98, 96, 95, 97, 100, 99, 100, 100, 99, 94, 98, 99, 100, 98, 94, 94, 97, 95, 97, 101, 101, 100, 99, 99, 96, 97, 93, 101, 98, 92, 95, 93, 96, 100, 101, 97, 101, 93], "y": [44, 44, 43, 45, 45, 46, 43, 43, 48, 44, 47, 49, 47, 45, 42, 48, 42, 44, 46, 49, 46, 50, 48, 50, 42, 49, 45, 51, 43, 41, 43, 42, 41, 47, 51, 50, 47, 51, 44, 46, 48, 42, 49, 50, 41, 45, 41, 41, 52, 52, 49, 48, 43], "velocity": [6.172001142955256, 6.187139355834493, 6.19780213691865, 6.145206129924842, 6.134765619125484, 6.110216391089123, 6.182369715526535, 6.204761598161393, 5.991755152023552, 6.150349447181482, 6.068309761118772, 5.950357528863501, 6.050371912884596, 6.17247584731273, 6.206814408930906, 5.9999108914934505, 6.207156508926485, 6.206500880258662, 6.112016045302035, 5.984896520868396, 6.093659723791949, 5.945610198443866, 6.017569857067712, 5.92468559617353, 6.2153288645632845, 5.952535374983022, 6.117814618876209, 5.902866831984774, 6.155431419553821, 6.245534154388893, 6.21435101225567, 6.196912846921795, 6.224504470054283, 6.071292373497175, 5.960870451116182, 5.993779799488371, 6.061755722193291, 5.900469279648851, 6.123247069885931, 6.163748596407401, 6.036992762455212, 6.231811201886832, 6.031102400944673, 5.942074094098312, 6.275119621549199, 6.199643696529937, 6.2697416686402025, 6.217620596959031, 5.911025729813843, 5.972650785564773, 6.02364126451966, 6.050747912514967, 6.234876203979895]}