{
    "x": [
        95,
        94,
        93,
        95,
        94,
        96,
        93,
        94,
        93,
        92,
        96,
        96,
        95,
        94,
        92,
        94,
        95,
        95,
        93,
        96,
        93,
        92,
        94,
        93,
        92,
        95,
        92,
        92,
        92,
        91,
        91,
        91,
        91,
        90,
        93,
        91,
        90
    ],
    "y": [
        35,
        35,
        35,
        36,
        36,
        35,
        34,
        34,
        36,
        35,
        37,
        36,
        37,
        38,
        36,
        37,
        38,
        34,
        38,
        38,
        37,
        38,
        39,
        39,
        37,
        39,
        39,
        34,
        33,
        39,
        36,
        37,
        38,
        36,
        33,
        35,
        37
    ],
    "velocity": [
        6.917196527088901,
        6.91634380160557,
        6.933656603020611,
        6.901601907979272,
        6.896892574883069,
        6.936672243550966,
        6.898022666429179,
        6.916014283347462,
        6.92760841822375,
        6.923503101880136,
        6.8679627568130925,
        6.870204536993477,
        6.844357723581787,
        6.852541751806339,
        6.925011299267004,
        6.831442413135185,
        6.83221238855231,
        6.9399632738834365,
        6.835899659605768,
        6.881267166033732,
        6.883331095177664,
        6.8873217640307,
        6.837153018040569,
        6.861923497734129,
        6.899996726943709,
        6.841857577071902,
        6.90368827065168,
        6.89500755314824,
        6.866007231784142,
        6.878611894122915,
        6.9015321076752345,
        6.911555422190137,
        6.907702790236333,
        6.888168118930771,
        6.876735962272234,
        6.910291582961619,
        6.914354853801386
    ]
}