{
    "x": [
        50,
        52,
        50,
        48,
        47,
        53,
        52,
        53,
        52,
        51,
        52,
        51,
        53,
        54,
        51,
        51,
        45,
        47,
        52,
        53,
        46,
        51,
        52,
        51,
        50,
        47,
        53,
        52,
        54,
        49,
        45,
        52,
        52,
        46,
        51,
        53,
        52,
        51,
        52
    ],
    "y": [
        69,
        74,
        70,
        68,
        69,
        74,
        67,
        67,
        75,
        69,
        68,
        68,
        75,
        67,
        74,
        73,
        69,
        68,
        69,
        68,
        68,
        70,
        66,
        71,
        68,
        67,
        69,
        70,
        73,
        67,
        68,
        73,
        72,
        67,
        66,
        65,
        65,
        65,
        71
    ],
    "velocity": [
        7.178179858872384,
        7.137637171033519,
        7.11346054807311,
        7.168003869070625,
        7.216405072449672,
        7.118707123420813,
        7.270282695942413,
        7.229911755509699,
        7.134053684718475,
        7.247967937632255,
        7.300411469533987,
        7.219844046876897,
        7.195518059955687,
        7.223978174307295,
        7.087683523211172,
        7.083376362900753,
        7.221325002261521,
        7.216405072443452,
        7.260291078456904,
        7.281573451437229,
        7.216405072443452,
        7.192179897821507,
        7.317442582032419,
        7.136500930538189,
        7.220382771685296,
        7.237955745673775,
        7.215842899208461,
        7.199502517769369,
        7.097196148205118,
        7.221233909122154,
        7.221325002261521,
        7.129177557726711,
        7.086465695353309,
        7.25335196609309,
        7.328707093429567,
        7.258753780608456,
        7.2541680513293665,
        7.212776343359522,
        7.162473696083089
    ]
}