{
    "x": [
        87,
        88,
        86,
        87,
        85,
        88,
        89,
        85,
        86,
        89,
        90,
        92,
        89,
        92,
        93,
        91,
        90,
        92,
        91,
        91,
        90,
        92,
        89,
        92,
        92,
        91,
        92,
        93,
        87,
        90,
        91,
        89,
        92,
        88,
        85,
        91,
        89,
        93,
        90,
        86,
        86,
        86,
        92,
        94,
        88,
        84,
        88,
        87,
        93,
        87,
        90,
        85
    ],
    "y": [
        47,
        47,
        47,
        48,
        47,
        48,
        47,
        46,
        46,
        52,
        51,
        52,
        48,
        48,
        52,
        51,
        52,
        47,
        48,
        50,
        50,
        53,
        53,
        50,
        51,
        53,
        49,
        51,
        49,
        48,
        52,
        51,
        54,
        53,
        49,
        49,
        49,
        48,
        49,
        49,
        50,
        48,
        55,
        47,
        50,
        47,
        54,
        50,
        47,
        54,
        47,
        48
    ],
    "velocity": [
        6.717382024634721,
        6.720185702277902,
        6.715113494425157,
        6.697473376232324,
        6.723879260565121,
        6.692599893090276,
        6.738868031019376,
        6.74161319563096,
        6.717416179577143,
        6.532850422025175,
        6.56725948926562,
        6.55055527608157,
        6.697307340504522,
        6.6063289442141855,
        6.53915091577484,
        6.57978848559068,
        6.556455047323668,
        6.675352936778712,
        6.63855714321414,
        6.568403130290159,
        6.576946353150095,
        6.539044474706625,
        6.568816762875526,
        6.564620764700115,
        6.573239069185821,
        6.554633364738914,
        6.565799650789238,
        6.55111591670024,
        6.626521914720883,
        6.674245618281284,
        6.5671000913731685,
        6.516615887424535,
        6.544382210342718,
        6.561829625238555,
        6.687751447520547,
        6.560701673414273,
        6.649661121431804,
        6.594215310413122,
        6.607785609368881,
        6.659886926010653,
        6.6500744000446215,
        6.661685887942806,
        6.554306637157759,
        6.601143685930814,
        6.630877920788631,
        6.67891378171979,
        6.587794450046234,
        6.691221732158081,
        6.621020586864933,
        6.595127195525684,
        6.675844604473854,
        6.656598921440087
    ]
}