{"x": [72, 71, 73, 70, 76, 76, 73, 72, 77, 70, 77, 73, 73, 76, 75, 70, 74, 75, 75, 72, 74, 71, 73, 77, 74, 70, 74, 70, 72, 74, 78, 73, 74, 78, 72, 75, 69, 75, 71, 69, 69, 76, 73, 70, 75, 72, 78, 74, 69, 76, 77, 69, 77, 75, 75, 76, 69, 76, 77, 72, 70, 71, 68, 73, 69, 68, 74, 68, 76, 68, 68, 78, 77, 71, 68, 64, 67, 64, 75, 65, 71, 77, 65, 72, 67, 69, 67, 66, 66, 65], "y": [86, 86, 86, 87, 78, 79, 84, 84, 78, 86, 77, 82, 83, 77, 79, 90, 80, 80, 78, 83, 81, 84, 81, 79, 82, 89, 84, 85, 82, 83, 77, 80, 79, 78, 81, 77, 87, 81, 83, 88, 86, 80, 79, 84, 82, 80, 79, 78, 90, 76, 76, 89, 75, 83, 84, 81, 85, 82, 80, 79, 83, 81, 86, 78, 84, 90, 77, 89, 83, 88, 87, 80, 81, 80, 85, 89, 86, 88, 76, 89, 79, 82, 88, 78, 87, 83, 85, 86, 87, 87], "velocity": [5.667772402224667, 5.663331841171465, 5.652612643482526, 5.682026308706405, 5.476790270526806, 5.419011536130283, 5.44878051612975, 5.469092157948585, 5.442526439816774, 5.659857749562332, 5.455635137939223, 5.356837112556932, 5.418974126347719, 5.484124822313549, 5.408723774591023, 5.715387114048163, 5.33753629160651, 5.364067974321175, 5.488920358422799, 5.4456453595709, 5.3414163312471326, 5.520445704535315, 5.330960435171326, 5.390246067031531, 5.365709022743706, 5.673275910719801, 5.436397991807352, 5.671943439897943, 5.375095207798606, 5.398744727880932, 5.381509174682317, 5.304482734620848, 5.364837023793512, 5.401320837070005, 5.323235539091562, 5.528003241154772, 5.7044776118418055, 5.348223538057161, 5.514824353371149, 5.695697475811896, 5.727392618441171, 5.350444726550668, 5.246185521084634, 5.620694351049716, 5.312291370836895, 5.284224373726112, 5.321900514119752, 5.412009010029831, 5.7177201854471935, 5.496012220640272, 5.4471351001154, 5.6890164845539, 5.4862944038243695, 5.385459942950296, 5.467881043680462, 5.340093348696065, 5.683188210413746, 5.400032812617499, 5.344926557851889, 5.234368952415291, 5.567173744414589, 5.349021082574631, 5.663903630125645, 5.253969495618677, 5.651250474523343, 5.769710694176042, 5.536600800586809, 5.738376655004123, 5.370934306184596, 5.654837997380651, 5.57788716885183, 5.321839327366919, 5.358800384424623, 5.314640367207269, 5.6332230466057, 5.748101526204578, 5.635640534016222, 5.757934013513349, 5.464675293861268, 5.79554293631231, 5.292567170649355, 5.417129292297627, 5.740050939010055, 5.270562736885371, 5.613046325168894, 5.581155127403951, 5.607139354560379, 5.6512904974610105, 5.699758336247968, 5.723584395897315]}