{"x": [134, 133, 132, 131, 132, 133, 134, 133, 134, 130, 135, 130, 131, 133, 131, 133, 130, 132, 129, 134, 129, 132, 131, 127, 134, 129, 130, 132, 128, 133, 131, 130, 127, 129, 129], "y": [71, 70, 70, 69, 69, 69, 70, 71, 69, 70, 70, 69, 68, 68, 70, 67, 68, 68, 69, 67, 70, 67, 67, 70, 68, 68, 67, 66, 69, 66, 66, 66, 69, 67, 66], "velocity": [7.67242462705789, 7.672297404281505, 7.688386886129373, 7.626547233411118, 7.631903464292632, 7.638968051946525, 7.651917198171408, 7.730061805234695, 7.611237429122719, 7.692785553384078, 7.6855221633955875, 7.633777495039173, 7.679702301098614, 7.751292625780339, 7.74854876835477, 7.794208098784656, 7.666130433219414, 7.762398349065341, 7.620522503440351, 7.788166258453414, 7.746000754524128, 7.743144859106353, 7.71783338306795, 7.62770178646364, 7.775003194342785, 7.608372688352234, 7.716489723629338, 7.758209290241869, 7.659815170129934, 7.801245762946867, 7.710272916243789, 7.677138424201877, 7.658823286364903, 7.696061965621149, 7.688211268032298]}