{
    "x": [
        143,
        142,
        143,
        143,
        142,
        144,
        144,
        144,
        143,
        145,
        145,
        144,
        145,
        145,
        145,
        146,
        146,
        148,
        146,
        147,
        146,
        147,
        145,
        146,
        146,
        146,
        148,
        149,
        147,
        143,
        143,
        148,
        145,
        144,
        142,
        147,
        146,
        147,
        147,
        145,
        147,
        147,
        149,
        147,
        147,
        148,
        148,
        146,
        145,
        146,
        149,
        147,
        148,
        146,
        148,
        148
    ],
    "y": [
        56,
        56,
        55,
        57,
        57,
        55,
        56,
        57,
        54,
        57,
        55,
        54,
        54,
        56,
        60,
        58,
        55,
        61,
        57,
        61,
        61,
        62,
        61,
        59,
        56,
        62,
        62,
        62,
        60,
        59,
        60,
        63,
        62,
        60,
        59,
        57,
        63,
        63,
        59,
        63,
        56,
        58,
        63,
        55,
        64,
        60,
        64,
        64,
        64,
        60,
        64,
        65,
        56,
        65,
        55,
        57
    ],
    "velocity": [
        7.066994883325065,
        6.991888746166426,
        6.994162947161937,
        7.1466641595929445,
        7.09133283523983,
        7.024182086785751,
        7.111881046497237,
        7.170689027505769,
        7.007577103254452,
        7.251091656555249,
        7.035493953398836,
        7.069226517828016,
        7.0640030619402046,
        7.148756678448622,
        7.248605154977202,
        7.240302738960612,
        7.068000754111463,
        7.275409133676823,
        7.211597492573846,
        7.211801727433216,
        7.168336610311857,
        7.164775888801668,
        7.16000000000001,
        7.236200574246024,
        7.169716497891218,
        7.111620952800492,
        7.141552398152751,
        7.256491578664688,
        7.257181040823565,
        7.170198462935948,
        7.160000000489735,
        7.117468122742263,
        7.057031448030569,
        7.160000000000004,
        7.160000000000004,
        7.224714948049903,
        7.094368106253183,
        7.098404441736908,
        7.255808839974884,
        7.012516175514016,
        7.1469746418314175,
        7.188018066342773,
        7.112194127163253,
        7.170205390613859,
        7.135125184786859,
        7.228378660324827,
        7.071932649447227,
        7.113429850029252,
        7.046762438467227,
        7.107832356180527,
        7.0614538621577925,
        7.127858506023444,
        7.113331212140484,
        7.139045048963933,
        7.107770134182317,
        7.08588263641619
    ]
}