{"x": [72, 72, 71, 72, 73, 71, 72, 71, 70, 72, 70, 72, 73, 71, 70, 72, 75, 73, 73, 73, 75, 75, 74, 73, 74, 74, 76, 71, 74, 74, 72, 70, 76, 76, 69, 74, 75, 75, 73, 74, 74, 73, 76, 74, 74, 73, 74, 71, 75, 73, 76, 73, 73, 75, 70, 74, 75, 75, 73, 73, 75, 77, 72, 73, 74, 72, 72, 71, 72, 74, 76, 74, 77, 73, 72, 71, 72, 75, 77, 74, 73, 75, 71, 72, 72, 72, 71], "y": [87, 88, 90, 89, 87, 91, 90, 92, 91, 91, 92, 92, 88, 93, 93, 93, 98, 89, 90, 91, 99, 97, 98, 92, 97, 87, 98, 94, 99, 88, 94, 94, 97, 99, 91, 96, 96, 100, 97, 91, 100, 98, 96, 89, 90, 96, 95, 95, 95, 93, 100, 99, 95, 92, 95, 101, 93, 94, 94, 100, 101, 96, 97, 101, 93, 96, 95, 96, 98, 94, 101, 102, 100, 102, 99, 97, 100, 102, 101, 92, 103, 90, 98, 101, 102, 103, 99], "velocity": [5.733768964922834, 5.763351559503724, 5.804234592230461, 5.77806447929028, 5.748945676089087, 5.794779582001078, 5.796099811886986, 5.774691489314597, 5.834851357508115, 5.801846033531138, 5.790689996276152, 5.784967159951489, 5.787791264609665, 5.747236612406198, 5.749001936867697, 5.757129308975656, 5.979193329077242, 5.8089962208227, 5.8296043265939455, 5.824335159921499, 5.988791865502217, 5.963123991179477, 5.985694779957347, 5.796075686263577, 5.969640190104953, 5.83116406109352, 5.94736262177866, 5.742486809055413, 6.012688340861587, 5.82900431282286, 5.75827035523048, 5.7624225490371135, 5.93352552192008, 5.958747490161387, 5.782186919373614, 5.944157369794266, 5.951500640692144, 6.015130766273056, 5.933610295352137, 5.869986171266528, 6.0352319577249744, 5.960118046192789, 5.942910565152204, 5.870106262174638, 5.880220933617718, 5.893098538605189, 5.894181997095497, 5.724197417935738, 5.932492820718107, 5.741021379823956, 5.979078056366592, 5.997449201754062, 5.879577549132234, 5.93961735807946, 5.755518367803853, 6.07661314413164, 5.949974948573196, 5.965713684770673, 5.75353467237105, 6.053223857494056, 6.035964999648399, 5.926376504184454, 5.862032118323883, 6.079387389526556, 5.951026670605295, 5.768441388488789, 5.712494497219114, 5.781510720536698, 5.896828270173713, 6.008956666801671, 5.979795529292389, 6.086047112832569, 5.943981729723718, 6.05337388106252, 5.92514962846197, 5.826744109351345, 5.983207768309456, 6.094198155529773, 5.95360138391563, 5.842106665970684, 6.097259538839486, 5.85765103643572, 5.861052664303044, 6.0153772797192495, 6.0140256899599, 6.056087750233246, 5.87895346531313]}