{"x": [49, 49, 50, 50, 49, 49, 48, 50, 48, 50, 48, 50, 49, 51, 51, 48, 48, 49, 47, 51, 47, 50, 47, 49, 51, 48, 47, 50, 51, 47, 47, 48, 49], "y": [115, 114, 114, 115, 113, 116, 115, 113, 116, 116, 114, 112, 112, 114, 115, 117, 113, 117, 116, 113, 115, 111, 117, 111, 116, 118, 118, 117, 112, 119, 114, 112, 118], "velocity": [5.748974713204139, 5.757268666769622, 5.749450595556566, 5.732951525003171, 5.757336987718483, 5.735273931309289, 5.771522045801172, 5.762681525831218, 5.773820236898639, 5.709175646663942, 5.762597741179101, 5.773010623230718, 5.752346874315796, 5.731741261476418, 5.723985066145667, 5.738368796316287, 5.756281503767408, 5.70205080190551, 5.830306888713572, 5.753082735073269, 5.8310289465355325, 5.794120342124421, 5.79409094637266, 5.781836083956684, 5.707006488096544, 5.69898489287236, 5.75896980415521, 5.685417011454576, 5.762801237572795, 5.735147820064128, 5.78843195955269, 5.730482668387426, 5.677619546939065]}