{"x": [130, 131, 131, 132, 130, 132, 130, 129, 132, 133, 129, 131, 129, 130, 131, 129, 131, 130, 132, 128, 130, 128, 129, 128, 128, 129, 133, 128], "y": [54, 54, 55, 55, 55, 54, 53, 54, 56, 54, 53, 53, 55, 52, 56, 52, 52, 56, 53, 53, 51, 54, 56, 52, 55, 51, 53, 56], "velocity": [5.997009596433116, 6.008572514255337, 6.019374984099856, 6.0550547113248925, 6.009614515108597, 6.034355181630144, 5.99206232075758, 5.989075408518308, 6.114658357805713, 6.08452912158352, 5.984671159612333, 6.003250183057943, 6.002761436850234, 5.993434730635885, 6.045537709250511, 5.992755616076538, 6.015901934023909, 6.032386679748699, 6.028618277175855, 5.981156018828618, 6.0202436450541965, 5.974161659976407, 6.02037422110388, 5.986049509990775, 5.995692365248598, 5.999248101459743, 6.072876949652794, 6.034368046386041]}