{
    "x": [
        63,
        64,
        61,
        64,
        64,
        63,
        70,
        65,
        65,
        64,
        70,
        69,
        65,
        65,
        70,
        63,
        64,
        70,
        66,
        61,
        63,
        62,
        62,
        61,
        66,
        64,
        62,
        69,
        64,
        62,
        71,
        66,
        63,
        69,
        62,
        68,
        65,
        67,
        67,
        67,
        68,
        70,
        67,
        60,
        66,
        66,
        68,
        65,
        65,
        61,
        71,
        66,
        69,
        65
    ],
    "y": [
        2,
        2,
        2,
        3,
        1,
        1,
        2,
        2,
        3,
        4,
        3,
        1,
        1,
        4,
        1,
        0,
        0,
        4,
        2,
        1,
        3,
        4,
        1,
        4,
        3,
        5,
        0,
        2,
        6,
        2,
        1,
        1,
        4,
        0,
        3,
        1,
        0,
        0,
        3,
        2,
        2,
        0,
        1,
        1,
        5,
        0,
        3,
        5,
        6,
        0,
        0,
        6,
        3,
        7
    ],
    "velocity": [
        7.541175519694215,
        7.55088147726614,
        7.347228136864091,
        7.564611508032499,
        7.538811042418097,
        7.533338321957915,
        7.387250511040086,
        7.544208375082964,
        7.527570098068915,
        7.558675529571504,
        7.386205865274469,
        7.467200381641159,
        7.557903994271512,
        7.493678967441454,
        7.41813946926244,
        7.533071451974528,
        7.537020462792694,
        7.385380646194794,
        7.5078063417180125,
        7.407165092007717,
        7.645767193048131,
        7.583540657148734,
        7.535051765082749,
        7.545779817766744,
        7.534514664412453,
        7.640403534063867,
        7.485698429329745,
        7.506032920098972,
        7.598712502068651,
        7.553123681463395,
        7.37404314572745,
        7.571570629177038,
        7.658808064421217,
        7.47638970344927,
        7.598613989626386,
        7.568578305340691,
        7.578292530280978,
        7.604103869558201,
        7.4435936220787,
        7.559763317705339,
        7.555309660025063,
        7.455635279550755,
        7.607234695432114,
        7.403113588648013,
        7.428794812473456,
        7.616708324532268,
        7.443534254888114,
        7.67442061402503,
        7.664542975746007,
        7.457467251360863,
        7.394029240198749,
        7.496379818978661,
        7.493242469613668,
        7.606345652882744
    ]
}