{
    "x": [
        103,
        103,
        103,
        105,
        105,
        102,
        102,
        101,
        100,
        100,
        104,
        104,
        100,
        101,
        102,
        103,
        104,
        102,
        101,
        100,
        99,
        101,
        104,
        105,
        104,
        102,
        100,
        101,
        103,
        99,
        101,
        102,
        99,
        104,
        98,
        98
    ],
    "y": [
        61,
        59,
        60,
        62,
        63,
        59,
        58,
        62,
        62,
        61,
        63,
        59,
        63,
        61,
        62,
        62,
        62,
        61,
        60,
        60,
        61,
        63,
        64,
        61,
        61,
        60,
        59,
        59,
        63,
        60,
        58,
        63,
        59,
        60,
        60,
        59
    ],
    "velocity": [
        7.4600000000000035,
        7.460000000000138,
        7.4600000000000035,
        7.701288844617848,
        7.688495401515057,
        7.460000000000428,
        7.460000000000853,
        7.703076339072483,
        7.674371985634757,
        7.671447185986868,
        7.739541488245739,
        7.65199657480221,
        7.61377708559211,
        7.725554757232961,
        7.721687981903673,
        7.728855776548071,
        7.689415893062115,
        7.719937624315449,
        7.677533501682574,
        7.65251936663465,
        7.671124093648792,
        7.705915637536441,
        7.768844316685948,
        7.710873822753896,
        7.703340683083947,
        7.699969986790739,
        7.534986567585569,
        7.6051176052613,
        7.792677555336306,
        7.602690474797869,
        7.520000000000004,
        7.765825108423817,
        7.54770208283356,
        7.723674608035141,
        7.735917972522234,
        7.66357416990738
    ]
}