{
    "x": [
        77,
        79,
        79,
        77,
        79,
        78,
        80,
        84,
        78,
        84,
        85,
        80,
        82,
        83,
        83,
        85,
        86,
        80,
        77,
        86,
        83,
        79,
        85,
        84,
        81,
        84,
        80,
        81,
        82,
        83,
        86,
        82,
        84,
        83,
        85,
        82,
        82,
        78,
        78
    ],
    "y": [
        107,
        107,
        106,
        108,
        105,
        108,
        105,
        100,
        105,
        99,
        99,
        106,
        102,
        101,
        100,
        98,
        98,
        104,
        106,
        99,
        99,
        104,
        100,
        98,
        103,
        101,
        103,
        102,
        100,
        98,
        100,
        99,
        97,
        103,
        101,
        101,
        98,
        107,
        106
    ],
    "velocity": [
        8.267994467092219,
        8.267519241630398,
        8.336596606143386,
        8.269029167963538,
        8.349850479340223,
        8.29575243692787,
        8.302591438211753,
        8.254733099265978,
        8.376806877391134,
        8.287255833252683,
        8.277584690555935,
        8.33320624315838,
        8.320000000000121,
        8.284672709438146,
        8.294654826305209,
        8.261066838303448,
        8.222555582213005,
        8.334477610191843,
        8.338700467556079,
        8.273184514800292,
        8.32809924556216,
        8.422730139341004,
        8.270729856829982,
        8.294976065728912,
        8.275369754845597,
        8.277292292002356,
        8.450740450572779,
        8.437231394961197,
        8.379434974012142,
        8.325430873535298,
        8.265986783434315,
        8.365320951185227,
        8.234010966917833,
        8.320000000000006,
        8.251502924158856,
        8.421653803151186,
        8.333123800513544,
        8.341709244356522,
        8.375488043271334
    ]
}