{"x": [162, 159, 162, 162, 162, 158, 158, 159, 158, 159, 158, 157, 161, 156, 158, 159, 158, 161, 160, 161, 155, 159, 157, 160, 156, 158, 155, 156, 159, 157, 159, 154, 159, 154, 160, 157, 160, 161, 159, 158, 161, 160, 160, 163, 153, 158, 158, 160, 153, 159, 160, 154, 157, 162, 160, 155, 161, 159, 160, 159, 157, 160, 157, 153, 154, 155, 160, 158, 154, 161, 153, 157, 156, 154, 152, 152, 152, 157, 155, 162, 160, 157, 152, 156, 161, 153, 156, 155, 155, 158, 155, 157, 156, 162], "y": [106, 109, 107, 105, 108, 108, 109, 108, 102, 107, 101, 101, 107, 101, 103, 101, 107, 106, 109, 105, 100, 102, 102, 107, 102, 110, 101, 100, 104, 103, 103, 100, 106, 99, 101, 100, 110, 108, 100, 100, 104, 104, 105, 110, 98, 106, 104, 100, 99, 110, 102, 98, 109, 109, 103, 99, 109, 105, 108, 111, 104, 106, 108, 100, 101, 102, 112, 105, 97, 110, 97, 106, 105, 96, 96, 98, 97, 105, 98, 110, 111, 110, 100, 104, 111, 101, 99, 96, 97, 111, 103, 107, 106, 111], "velocity": [6.897482082113122, 6.962581914907068, 6.847168358381605, 6.923185310282106, 6.964473794699612, 6.908217486386929, 6.93692628578349, 6.898639929812388, 6.885653182375861, 6.904355370755776, 6.860240488448677, 6.850701894384621, 6.878659202328517, 6.854460720722487, 6.915409556883962, 6.799119867435412, 6.895081146394772, 6.915364212770618, 6.9727400954352206, 6.986842142036818, 6.878108983869137, 6.9028239711099015, 6.900002810611912, 6.889718310858294, 6.822273506863046, 6.957338945665599, 6.864796565429523, 6.855725349621646, 6.937425259682232, 6.83671769377016, 6.911434562531718, 6.850761401933273, 6.90687509018707, 6.839155628481991, 6.760484453511896, 6.816077529650804, 6.996170699713203, 6.998775500180666, 6.77537052006987, 6.789764909885755, 6.991278543846951, 7.015388413749906, 6.978920691671731, 6.96388021613334, 6.924639495012413, 6.918150981273871, 6.884773780606937, 6.742763979651663, 6.846619027772404, 6.996885544845782, 6.836236154059596, 6.873670178854828, 6.942380527494138, 6.974390220262193, 6.865634480084259, 6.876547366495077, 6.971716810782374, 6.938271641585749, 6.966988006748671, 7.0384527269359225, 6.838811968341815, 6.881535229651345, 6.908781003222948, 6.838148786892899, 6.831328370377364, 6.824825583527594, 7.039219392168816, 6.907805198558407, 6.970108780856095, 6.955741865717184, 6.939271839295972, 6.904353805292804, 6.915102819558905, 6.991085365114385, 7.016795454211317, 6.9399381369202695, 6.963772341299963, 6.851420441914617, 6.896665779545407, 6.934170127294885, 7.045703082840019, 6.9421755281192805, 6.864007456271681, 6.813637127710752, 7.0087585768003855, 6.815930370403462, 6.874925102509406, 7.018823687160031, 7.055767347350783, 7.026378768126345, 6.796188411680144, 6.861630263754826, 6.91744628626406, 6.956032673209911]}