{"x": [10, 9, 10, 11, 11, 9, 8, 9, 8, 10, 11, 12, 10, 12, 8, 12, 7, 11, 13, 13, 9, 7, 7, 13, 13, 9, 14, 12, 8, 11, 10, 8, 12, 10, 6, 14, 6, 7, 7, 6, 9, 13, 11, 8, 6, 6, 5, 5, 5, 7, 6, 5, 12, 13, 5, 8, 13, 4], "y": [97, 97, 98, 98, 97, 96, 97, 98, 96, 96, 99, 98, 99, 97, 98, 99, 97, 96, 98, 99, 99, 96, 98, 97, 100, 95, 98, 100, 95, 100, 100, 99, 96, 95, 97, 97, 98, 99, 95, 96, 100, 96, 95, 100, 99, 95, 98, 99, 97, 100, 100, 100, 95, 95, 96, 94, 94, 100], "velocity": [7.6004988448650685, 7.610083618400467, 7.608972740498704, 7.584327097763557, 7.575733563933586, 7.611790355586424, 7.606621767598686, 7.617344194861172, 7.607981991001133, 7.593504552789231, 7.592376195440543, 7.582111665606352, 7.630463178567701, 7.562387162741267, 7.617677344269527, 7.583774027487752, 7.603536375551824, 7.569604645545653, 7.62411571794626, 7.612440075633839, 7.644363852510173, 7.59463605294178, 7.629474524106799, 7.5775472607651135, 7.603516846233827, 7.608897485349509, 7.52814149304723, 7.667489057570863, 7.610993081765734, 7.712436633547006, 7.658144212418131, 7.651430683410787, 7.546962964730358, 7.587654468023339, 7.604960208503116, 7.534756419698408, 7.650504443456314, 7.666951009301457, 7.597593853839738, 7.588885964400561, 7.690909619546699, 7.53713698271685, 7.5633808982317055, 7.74436424202753, 7.665596425106667, 7.585609999573128, 7.667762030092688, 7.72675569471975, 7.622780417674898, 7.730845601553332, 7.738060315355211, 7.773089705986442, 7.535038445369757, 7.47553796418318, 7.593180625287321, 7.591722493771092, 7.4757996013258525, 7.770156814949805]}