{"x": [29, 28, 28, 29, 28, 29, 27, 27, 27, 28, 29, 27, 26, 28, 27, 26, 28, 29, 27, 26, 23, 27, 23, 26, 24, 25, 26, 23, 26, 26, 25, 25, 24, 25, 25, 26, 23, 25, 25, 24], "y": [83, 85, 84, 81, 83, 82, 85, 86, 84, 82, 80, 87, 85, 81, 83, 86, 80, 79, 82, 84, 91, 81, 90, 87, 89, 85, 83, 89, 82, 81, 84, 86, 88, 81, 87, 80, 88, 83, 80, 87], "velocity": [7.419675430783855, 7.4256720694193135, 7.444235432108671, 7.394254621514985, 7.481993486519919, 7.466197149031698, 7.494083909069261, 7.455116262304503, 7.53287858478392, 7.509846553759898, 7.392590663284225, 7.446237794863878, 7.524560589255153, 7.4273452481287485, 7.544747589208759, 7.522178282492895, 7.365482978918492, 7.409533019142151, 7.527805243243743, 7.542637012385412, 7.639999999999996, 7.412369284824215, 7.639999999998855, 7.562853293403861, 7.639999999999996, 7.579195114048822, 7.5007360219176595, 7.639999999999996, 7.491380675062317, 7.46054836806983, 7.489286841557364, 7.618906733885798, 7.639999999999996, 7.470680367735344, 7.639999999999994, 7.40489745989639, 7.639999999999996, 7.483932966133237, 7.439008805125976, 7.639999999999996]}