{"x": [165, 164, 164, 165], "y": [107, 106, 107, 108], "velocity": [7.994975576163612, 7.992764191709327, 7.959348120827099, 7.984277871741743]}