{"x": [180, 180, 180, 179, 181, 179, 181, 181, 179, 180, 181, 178, 179, 181, 180, 180, 182, 178, 180, 182, 181, 179, 180, 179, 179, 179, 179, 182, 182, 178, 182, 181, 178, 182, 178, 178, 178, 177, 179, 177, 183, 178, 178, 183, 177, 177, 177, 178, 176, 184, 177], "y": [117, 118, 116, 118, 118, 117, 117, 116, 116, 115, 115, 118, 115, 114, 114, 113, 118, 117, 112, 117, 113, 110, 111, 114, 113, 112, 111, 116, 114, 116, 115, 112, 115, 113, 114, 112, 113, 118, 109, 117, 118, 111, 110, 117, 114, 116, 115, 109, 115, 118, 110], "velocity": [7.943844026351856, 7.94120012015395, 7.951282590423276, 7.914049689363835, 7.957792518980491, 7.924003736376063, 7.957027922423544, 7.960849329751191, 7.9480520031561905, 7.952201092236382, 7.960754388206325, 7.9041826793609635, 7.950243135904097, 7.936772330952207, 7.929386368579808, 7.919225224782782, 7.970494628399918, 7.9060610015292765, 7.943843996226604, 7.970575106020918, 7.900827428421632, 7.96542942368154, 7.982129103616292, 7.925666761591297, 7.922729496560561, 7.973720564969417, 7.9296350669663, 7.977608810681765, 7.929924758277839, 7.935452776413714, 7.974779498138636, 7.869651301542842, 7.952087090695159, 7.8678689106757504, 7.957902144574864, 7.993591966156389, 7.973012787432491, 7.91258203291869, 7.952314653350045, 7.885608937579875, 7.975323785970054, 7.989393689428426, 7.96675150245777, 7.998809780626911, 7.985116041604249, 7.9207183709308415, 7.927709404252584, 7.93940800228576, 7.903395157543245, 7.954584971729088, 7.94406343140641]}