{"x": [75, 76, 75, 76, 74, 75, 73, 76, 72, 74, 77, 75, 72, 73, 77, 76, 73, 72, 77, 71, 75, 71, 73, 76, 74, 78, 72, 71, 78, 77, 77, 70, 72, 78, 71, 70, 70, 70, 69, 69, 69, 71, 69, 70, 68, 68, 68, 69, 67, 68, 66, 67, 67, 66, 67], "y": [106, 107, 107, 106, 105, 105, 105, 105, 105, 104, 106, 104, 106, 104, 105, 104, 107, 104, 104, 105, 103, 106, 103, 103, 103, 108, 107, 104, 104, 107, 108, 105, 103, 105, 107, 106, 104, 107, 105, 106, 107, 103, 104, 103, 105, 106, 104, 103, 106, 103, 106, 105, 104, 105, 103], "velocity": [7.644218106716825, 7.6785337238276545, 7.660905084801599, 7.687795094842219, 7.624919522987112, 7.631397468667367, 7.612630295506149, 7.676121937484102, 7.584218621621289, 7.594607766848833, 7.747112522229837, 7.614130570225306, 7.601046989694532, 7.587209438582747, 7.704027766388856, 7.632831082673733, 7.540554668585321, 7.576448277630837, 7.611678988804317, 7.5707944908355165, 7.648437066666179, 7.58162286936312, 7.540539086848794, 7.636689018926678, 7.5852709846397, 7.716659935138466, 7.539158856990658, 7.577434584774178, 7.588929591258865, 7.726930043459114, 7.732112056478994, 7.603782483011807, 7.5240180141580115, 7.577239553800331, 7.593868421394633, 7.607955638534554, 7.600918189042268, 7.6199915681873875, 7.660445118992679, 7.65564880454118, 7.677673490422301, 7.581925247737563, 7.648724896516777, 7.561715386726008, 7.711009118580371, 7.639271516840584, 7.677392178372714, 7.593613675413389, 7.616581696567111, 7.619827088145289, 7.716580191391037, 7.631521742802717, 7.625666068864708, 7.658980432164584, 7.591252705822786]}