{
    "x": [
        73,
        73,
        73,
        73,
        72,
        72,
        72,
        72,
        74,
        71,
        74,
        74,
        72,
        71,
        73,
        73,
        74,
        71,
        73,
        74,
        70,
        70,
        74,
        74,
        73,
        72,
        75,
        71,
        74,
        75,
        69,
        74,
        75,
        73,
        70,
        75,
        72,
        71,
        69,
        76,
        75
    ],
    "y": [
        60,
        59,
        57,
        58,
        59,
        60,
        58,
        57,
        58,
        58,
        59,
        56,
        56,
        59,
        55,
        61,
        60,
        57,
        56,
        55,
        57,
        58,
        57,
        54,
        54,
        55,
        57,
        56,
        61,
        56,
        57,
        53,
        58,
        62,
        56,
        59,
        54,
        55,
        56,
        57,
        55
    ],
    "velocity": [
        7.725007693385272,
        7.748817863018617,
        7.747360610319268,
        7.742609509763384,
        7.781287292656277,
        7.836131750491802,
        7.737571315527529,
        7.75440192003307,
        7.728792219086414,
        7.695842387898056,
        7.676124897463538,
        7.717290275845206,
        7.723008179108455,
        7.746335187639688,
        7.680368554883051,
        7.824518124463092,
        7.706429974157059,
        7.682855113441955,
        7.802014948078565,
        7.648201344542411,
        7.613756556240447,
        7.570951261758565,
        7.763962171819612,
        7.616230927714843,
        7.632151033910593,
        7.714517885208643,
        7.694427102945081,
        7.69082378405587,
        7.695333064719072,
        7.658422518814791,
        7.538635683237976,
        7.592444581398622,
        7.696420117028785,
        7.779396545438665,
        7.667579936953468,
        7.691436266402946,
        7.65017963331996,
        7.731724207560312,
        7.594145106607048,
        7.670095024931762,
        7.602919919495755
    ]
}