{"x": [60, 60, 59, 59, 59, 58, 59, 59, 61, 60, 58, 60, 58, 58, 61, 61, 57, 60, 59, 57, 58, 58, 61, 58, 61, 61, 59, 60, 60, 60, 57, 61], "y": [33, 34, 32, 33, 34, 34, 35, 31, 32, 35, 33, 32, 35, 32, 31, 35, 34, 31, 30, 33, 30, 31, 29, 29, 30, 33, 29, 30, 36, 29, 35, 36], "velocity": [6.684703227313009, 6.678880811222833, 6.749822824449495, 6.6966882757851405, 6.699942011903964, 6.7427771611933, 6.737453686511895, 6.784341489444892, 6.783054435401131, 6.716334479630151, 6.707125482953269, 6.78952660382861, 6.767477643554159, 6.722300490442308, 6.818135561206255, 6.81005598114069, 6.71235103799205, 6.79482047660049, 6.821730939542527, 6.717357665275962, 6.705304041828666, 6.725969237730285, 6.7430391313321065, 6.673427371192359, 6.786884072123272, 6.774458078653163, 6.843127825532075, 6.850102061708905, 6.751437343088687, 6.859256582429159, 6.744755641656447, 6.757145414579653]}