{"x": [108, 110, 108, 108, 108, 107, 109, 107, 109, 107, 108, 107, 106, 109, 106, 107, 108, 109, 109, 106, 106, 109, 107, 107, 108, 105, 108, 108, 106, 106, 107, 105, 105, 105, 104, 105, 105, 106, 104, 106], "y": [26, 37, 27, 28, 29, 26, 37, 29, 36, 30, 30, 28, 30, 35, 29, 31, 31, 33, 34, 31, 27, 32, 27, 32, 32, 29, 33, 34, 28, 32, 33, 30, 27, 31, 29, 28, 32, 33, 28, 34], "velocity": [6.693049514681731, 6.970266653987214, 6.79574052536932, 6.783501745175129, 6.83790164277758, 6.7343378216659335, 6.938009754494253, 6.820778844646927, 6.946213880103019, 6.88949172384934, 6.8744720727307485, 6.739145152665285, 6.878332744357953, 6.978428693630375, 6.806866364949944, 6.908243619684974, 6.878894411177506, 6.908523906679411, 6.927394966412122, 6.882215801904215, 6.748424403508436, 6.877668222689932, 6.755117345858968, 6.871909779784359, 6.841775840566861, 6.742957460748388, 6.839483570919644, 6.862856947616478, 6.716357069228851, 6.821418543840458, 6.839429904439803, 6.72921439703691, 6.755496523786781, 6.769342272074375, 6.713910197805005, 6.698340980527553, 6.783133226288159, 6.800793885266541, 6.727348133475893, 6.824327557194605]}