{
    "x": [
        60,
        60,
        59,
        59,
        59,
        61,
        59,
        60,
        59,
        58,
        60,
        58,
        60,
        58,
        58,
        58,
        62,
        60,
        61,
        59,
        58,
        60,
        57,
        57,
        57,
        61,
        61,
        61,
        61,
        57,
        59,
        58,
        62,
        62,
        63,
        61,
        59,
        59,
        60,
        58,
        57,
        61,
        58,
        62
    ],
    "y": [
        33,
        34,
        32,
        33,
        34,
        34,
        35,
        35,
        31,
        33,
        32,
        32,
        31,
        31,
        34,
        35,
        33,
        36,
        36,
        30,
        30,
        30,
        34,
        33,
        32,
        32,
        31,
        33,
        30,
        35,
        36,
        36,
        32,
        34,
        33,
        35,
        37,
        29,
        29,
        29,
        31,
        29,
        37,
        31
    ],
    "velocity": [
        6.684703227313009,
        6.678880811222833,
        6.749822824449495,
        6.6966882757851405,
        6.699942011903964,
        6.600424688273919,
        6.737453686511895,
        6.716334479630151,
        6.784341489444892,
        6.707125482953269,
        6.78952660382861,
        6.722300490442308,
        6.79482047660049,
        6.725969237730285,
        6.7427771611933,
        6.767477643554159,
        6.585020092956034,
        6.751437343088687,
        6.757145414579653,
        6.821730939542527,
        6.705304041828666,
        6.850102061708905,
        6.71235103799205,
        6.717357665275962,
        6.648351568848354,
        6.783054435401131,
        6.818135561206255,
        6.774458078653163,
        6.786884072123272,
        6.744755641656447,
        6.829188756679328,
        6.832283494458355,
        6.585320310586349,
        6.507744089004302,
        6.594138157954136,
        6.81005598114069,
        6.813453042653302,
        6.843127825532075,
        6.859256582429159,
        6.673427371192359,
        6.623746451388477,
        6.7430391313321065,
        6.809679309203327,
        6.662006748697539
    ]
}