{
    "x": [
        87,
        86,
        87,
        85,
        86,
        88,
        87,
        88,
        86,
        87,
        88,
        89,
        85,
        89,
        87,
        85,
        86,
        88,
        85,
        90,
        89,
        89,
        90,
        88,
        88,
        86,
        86,
        86,
        86,
        90,
        88,
        89,
        89,
        87,
        85,
        91,
        88,
        89,
        91,
        87,
        90,
        85,
        85,
        85,
        90,
        91,
        86,
        89,
        90,
        91
    ],
    "y": [
        61,
        61,
        62,
        60,
        62,
        63,
        63,
        62,
        60,
        64,
        64,
        63,
        61,
        62,
        65,
        59,
        63,
        65,
        62,
        61,
        64,
        60,
        62,
        60,
        61,
        65,
        66,
        59,
        64,
        60,
        66,
        61,
        65,
        60,
        63,
        61,
        59,
        66,
        60,
        59,
        63,
        64,
        65,
        66,
        64,
        62,
        58,
        59,
        59,
        59
    ],
    "velocity": [
        6.5106831827569405,
        6.432659182478123,
        6.456722455009725,
        6.434380302699914,
        6.46848347466486,
        6.375335121784428,
        6.424709501070902,
        6.393804073540273,
        6.404733347413008,
        6.366534995199725,
        6.341878568271849,
        6.358800494228533,
        6.352998582557337,
        6.408677369906283,
        6.30644675039516,
        6.507550656465607,
        6.456197484911478,
        6.293636097883318,
        6.446848915830632,
        6.410442682203884,
        6.339135128164409,
        6.431896532731361,
        6.401341059444476,
        6.311200180900665,
        6.3273062020223305,
        6.331964671736828,
        6.279312673242579,
        6.386285055838526,
        6.380920879057045,
        6.4234996947579495,
        6.235546724865054,
        6.266263770175951,
        6.281850028560116,
        6.305155386495943,
        6.481445231881367,
        6.331998641559594,
        6.502369167535257,
        6.221823700084949,
        6.37940269425166,
        6.329671145637606,
        6.3346682440969735,
        6.502640880559277,
        6.3872232500842445,
        6.343452846544772,
        6.355573317118295,
        6.280895838272903,
        6.403023171371367,
        6.438425558148784,
        6.421961659201121,
        6.397654772920398
    ]
}