{
    "x": [
        113,
        112,
        113,
        111,
        112,
        111,
        114,
        113,
        110,
        112,
        110,
        110,
        111,
        114,
        113,
        112,
        115,
        110,
        111,
        113,
        112,
        115,
        114,
        109,
        111,
        112,
        110,
        113,
        111,
        114,
        113,
        116,
        115,
        111,
        112,
        114,
        112,
        116,
        113,
        115,
        109,
        111,
        110,
        114,
        111,
        112,
        113,
        115,
        117,
        113,
        109,
        116,
        109,
        117,
        110,
        109,
        116,
        117,
        115,
        114,
        109,
        115,
        115,
        117,
        113,
        116,
        112,
        109,
        118,
        116,
        117,
        118,
        118,
        118,
        119,
        118,
        119,
        120,
        119,
        119,
        119,
        114,
        121,
        122,
        110,
        110,
        110
    ],
    "y": [
        46,
        46,
        45,
        46,
        45,
        45,
        44,
        44,
        46,
        44,
        45,
        47,
        44,
        43,
        43,
        43,
        43,
        44,
        43,
        42,
        42,
        42,
        42,
        47,
        42,
        41,
        43,
        41,
        41,
        41,
        40,
        42,
        41,
        40,
        39,
        40,
        40,
        41,
        39,
        40,
        48,
        39,
        41,
        39,
        38,
        38,
        38,
        39,
        41,
        37,
        40,
        39,
        39,
        40,
        37,
        38,
        38,
        39,
        37,
        36,
        37,
        35,
        36,
        38,
        36,
        37,
        37,
        36,
        39,
        36,
        37,
        40,
        41,
        38,
        37,
        37,
        38,
        37,
        39,
        40,
        41,
        37,
        37,
        37,
        38,
        40,
        39
    ],
    "velocity": [
        6.96228037816601,
        6.965192439796811,
        6.9826709752259095,
        6.969480351929315,
        6.99056628230948,
        7.000208503966002,
        6.965811200352639,
        6.985051376554564,
        6.984481339021476,
        6.9973936989999865,
        7.01986566759402,
        6.9460498317731965,
        7.016837861616855,
        6.9804314966049,
        6.98600064630929,
        6.995683055283055,
        6.951187196712215,
        7.033248438548924,
        7.016944105271584,
        6.987180197107121,
        6.991268937595197,
        6.97130572638775,
        6.958723137261599,
        7.005353641845762,
        7.0171211857911695,
        6.965688084103441,
        7.007579656110278,
        6.946214888816552,
        7.020442388925249,
        6.973311597233602,
        6.996837288828886,
        6.926815658006925,
        6.96269658408937,
        7.037562117430027,
        6.977969917396558,
        6.997386785263595,
        6.92754987516059,
        6.981451553309024,
        7.024820771689153,
        6.997272570329233,
        7.03301294566689,
        6.916760215361559,
        7.0236786423701245,
        7.034772748587043,
        6.983702929785727,
        7.018046627947348,
        7.044337443679677,
        7.023621302559021,
        6.960181253406044,
        7.028745145127549,
        7.044753268907399,
        7.062675476793497,
        7.030505944057824,
        7.033377265154295,
        6.970266653987214,
        7.036058044830441,
        7.06932416275642,
        7.078280025589428,
        7.046504843459324,
        7.128231641506216,
        6.938009754494253,
        7.139605691154302,
        7.095110038711044,
        7.105962261672417,
        7.011723907060342,
        7.095667219504719,
        7.030423872282557,
        6.946213880103019,
        7.076204556107059,
        7.151036812997486,
        7.134384017161124,
        7.072497336141804,
        7.065981444173199,
        7.099562894441742,
        7.108047810929028,
        7.130862968823016,
        7.072262168593303,
        7.126946159914313,
        7.044566375321386,
        7.04312147314281,
        7.06886682967637,
        7.034725090564467,
        7.1404243026527086,
        7.158221209178559,
        6.888304561315819,
        6.881934446920175,
        6.865208163243652
    ]
}