{"x": [63, 66, 66, 65, 64, 63, 64, 65, 62, 63, 66, 63, 64, 64, 65, 67, 62, 65, 66, 64, 65, 62, 63, 67, 67, 67, 62, 68, 61, 68, 68], "y": [3, 3, 2, 3, 3, 2, 2, 2, 3, 4, 1, 1, 4, 1, 1, 2, 2, 0, 0, 0, 4, 1, 0, 1, 3, 0, 4, 2, 4, 3, 1], "velocity": [6.983479680989594, 6.767177273736095, 6.736290373006239, 6.788021661629363, 6.841327375677832, 6.885127320220184, 6.839521475649723, 6.77846017363097, 6.975376664713017, 6.974231759061368, 6.766353388650765, 6.873477999517459, 6.832331726542792, 6.824871705146729, 6.787808504256349, 6.747520082977161, 6.938122062414767, 6.79105350554129, 6.788217343772507, 6.80567392563065, 6.812874382050578, 6.894452013111224, 6.8525998610258085, 6.761105251962555, 6.728163883623155, 6.76011877207943, 6.922325665562613, 6.775835213499873, 6.871200224047504, 6.769494042190984, 6.738645527203988]}