{
    "x": [
        64,
        58,
        59,
        60,
        61,
        62,
        63,
        64,
        65,
        66,
        68,
        59,
        60,
        61,
        62,
        63,
        64,
        65,
        66,
        67,
        68,
        69,
        58,
        59,
        60,
        61,
        62,
        63,
        64,
        65,
        66,
        58,
        59,
        60,
        61,
        62,
        63,
        64,
        65,
        66,
        58,
        59,
        60,
        61,
        62,
        63,
        64,
        65,
        58,
        59,
        60,
        61,
        62,
        63,
        64,
        58,
        59,
        60,
        63,
        67,
        58
    ],
    "y": [
        58,
        59,
        59,
        59,
        59,
        59,
        59,
        59,
        59,
        59,
        59,
        60,
        60,
        60,
        60,
        60,
        60,
        60,
        60,
        60,
        60,
        60,
        61,
        61,
        61,
        61,
        61,
        61,
        61,
        61,
        61,
        62,
        62,
        62,
        62,
        62,
        62,
        62,
        62,
        62,
        63,
        63,
        63,
        63,
        63,
        63,
        63,
        63,
        64,
        64,
        64,
        64,
        64,
        64,
        64,
        65,
        65,
        65,
        65,
        59,
        60
    ],
    "z": [
        7.107804178,
        6.931144224,
        6.882292806,
        6.96221874,
        7.006715853,
        7.025949564,
        7.143880197,
        7.131342913,
        7.164945929,
        7.319798707,
        7.396481791,
        7.58586857,
        7.549451806,
        7.324454736,
        7.076973955,
        7.180390236,
        7.150054539,
        7.181554015,
        7.080856652,
        7.357854386,
        7.390841157,
        7.347655393,
        7.451997179,
        7.460360416,
        7.424937546,
        7.380279469,
        7.284930557,
        7.187323756,
        7.166729765,
        7.197805959,
        7.238344807,
        7.491937848,
        7.479463896,
        7.45533888,
        7.408696619,
        7.323042184,
        7.233725815,
        7.196975743,
        7.258466233,
        7.210296882,
        7.488061989,
        7.470768322,
        7.417244946,
        7.373776012,
        7.316921509,
        7.336380807,
        7.251874535,
        7.192845228,
        7.401574247,
        7.413364628,
        7.329900832,
        7.336516649,
        7.3319892,
        7.347743536,
        7.32092643,
        7.362229049,
        7.295565485,
        7.28657503,
        7.328117153,
        7.482999781,
        7.576140814
    ]
}