{
    "x": [
        75,
        64,
        64,
        65,
        63,
        64,
        65,
        75,
        74,
        74,
        75,
        71,
        70,
        65,
        76,
        66,
        70,
        76,
        71,
        63,
        73,
        72,
        62,
        61,
        74,
        63,
        70,
        61,
        78,
        66,
        73,
        67,
        75,
        69,
        62,
        72,
        71,
        73,
        69,
        70,
        68,
        62,
        76,
        79,
        79,
        75,
        71,
        59,
        62,
        69,
        74,
        58,
        77,
        60,
        74,
        80,
        77,
        63,
        74,
        73,
        67,
        76,
        74,
        75,
        76,
        70,
        61,
        68,
        81,
        67,
        61,
        66,
        78,
        69,
        73,
        73,
        77,
        76,
        75,
        63,
        78,
        74,
        72,
        59,
        78,
        80,
        72,
        75,
        65,
        59
    ],
    "y": [
        97,
        103,
        104,
        103,
        103,
        102,
        104,
        98,
        98,
        97,
        96,
        105,
        105,
        102,
        97,
        103,
        104,
        96,
        104,
        104,
        98,
        105,
        104,
        104,
        99,
        102,
        103,
        103,
        103,
        102,
        99,
        103,
        103,
        103,
        103,
        104,
        106,
        104,
        104,
        106,
        103,
        102,
        103,
        102,
        103,
        99,
        103,
        104,
        105,
        105,
        100,
        103,
        103,
        103,
        96,
        102,
        96,
        105,
        103,
        97,
        102,
        98,
        104,
        95,
        95,
        102,
        102,
        102,
        101,
        104,
        105,
        104,
        96,
        102,
        105,
        100,
        97,
        104,
        104,
        101,
        102,
        101,
        103,
        103,
        97,
        101,
        98,
        102,
        101,
        102
    ],
    "velocity": [
        8.618214527864914,
        8.384132188326772,
        8.33667762319568,
        8.353646438448866,
        8.368419685589098,
        8.34660944134669,
        8.31858191320595,
        8.589526705441246,
        8.603296681634859,
        8.62088917931778,
        8.645218945692887,
        8.46147921190937,
        8.463973195251056,
        8.3282316580069,
        8.619206468630868,
        8.378093555695262,
        8.503626067982797,
        8.65036576878982,
        8.49385875395832,
        8.389931676325883,
        8.613740139986444,
        8.458800594808263,
        8.344062106355855,
        8.305134370861674,
        8.58805734146162,
        8.374390178125177,
        8.505363790778885,
        8.269896202508773,
        8.529782403919073,
        8.363802980108357,
        8.601130827497306,
        8.436592196212654,
        8.531228809274518,
        8.509263680686292,
        8.362960120179197,
        8.502595402871318,
        8.421357277323837,
        8.516969139347097,
        8.506494302973229,
        8.408889383267896,
        8.489089893979495,
        8.346439124713163,
        8.548906184127333,
        8.503450213671947,
        8.552312504084966,
        8.563651511293132,
        8.495229804112492,
        8.21894090973934,
        8.291799911731141,
        8.457153174132245,
        8.553316868444186,
        8.195751753900035,
        8.557413565654294,
        8.253464830709767,
        8.637035807599974,
        8.51899899289677,
        8.630890433960102,
        8.329544819588806,
        8.530138548584029,
        8.625611708826138,
        8.40241130201869,
        8.582889213368457,
        8.525946410696733,
        8.674435776406167,
        8.688542567762857,
        8.482151066243617,
        8.288989040338697,
        8.457675222514618,
        8.495753618240046,
        8.415102791381328,
        8.33452752856216,
        8.39884426861301,
        8.61272388856318,
        8.498849056666751,
        8.500305443100077,
        8.598668271405714,
        8.598513646038839,
        8.53905097104884,
        8.539068860322681,
        8.344073974844996,
        8.560884950729724,
        8.574078559950793,
        8.476905523502598,
        8.245714595066538,
        8.594764005698812,
        8.528295515898618,
        8.625369086820598,
        8.561748583263375,
        8.314245375290891,
        8.202665139475497
    ]
}