{
    "x": [
        44,
        37,
        38,
        43,
        37,
        38,
        44,
        42,
        42,
        36,
        43,
        41,
        39,
        37,
        45,
        38,
        41,
        40,
        39,
        38,
        36,
        43,
        36,
        37,
        35,
        40,
        39,
        43,
        40,
        42,
        42,
        41,
        39,
        35,
        44,
        35,
        37
    ],
    "y": [
        79,
        82,
        81,
        79,
        81,
        82,
        80,
        79,
        80,
        82,
        80,
        80,
        81,
        83,
        80,
        80,
        79,
        80,
        80,
        83,
        81,
        78,
        83,
        80,
        82,
        81,
        82,
        81,
        79,
        78,
        81,
        81,
        83,
        83,
        81,
        81,
        84
    ],
    "velocity": [
        5.711353449834594,
        5.9995645358646215,
        5.864731623369802,
        5.6342944351004585,
        5.923758082215875,
        5.992955495671686,
        5.618640628671059,
        5.6099900430450695,
        5.548157051819024,
        6.016541340699123,
        5.546840361065947,
        5.594484773887885,
        5.7667837964081565,
        6.0799999999999965,
        5.723126022441502,
        5.790790887356593,
        5.630061035778996,
        5.632521770778637,
        5.703697289730049,
        6.079999999999973,
        5.979135842504915,
        5.732650543195971,
        6.061183214218563,
        5.851182116109742,
        6.052467675877806,
        5.654471602023094,
        5.863767141003588,
        5.470537245913282,
        5.644923845203627,
        5.678882389861,
        5.475771163290713,
        5.534748356094509,
        6.0799999999999965,
        6.0799999999999965,
        5.537180802353646,
        6.0799999999999965,
        6.0799999999999965
    ]
}