{
    "x": [
        100,
        100,
        101,
        101,
        100,
        102,
        101,
        99,
        100,
        100,
        101,
        102,
        99,
        103,
        102,
        101,
        102,
        99,
        101,
        101,
        98,
        103,
        100,
        102,
        99,
        104,
        104,
        97,
        103,
        101,
        97,
        105,
        101,
        97,
        98,
        102,
        105,
        101,
        103,
        100,
        105,
        104,
        103,
        104,
        96,
        97,
        100,
        97,
        96,
        99,
        101
    ],
    "y": [
        101,
        102,
        102,
        103,
        103,
        101,
        104,
        103,
        104,
        100,
        101,
        104,
        104,
        103,
        103,
        100,
        102,
        100,
        105,
        99,
        102,
        104,
        105,
        105,
        105,
        104,
        105,
        101,
        105,
        100,
        100,
        105,
        106,
        102,
        103,
        106,
        106,
        99,
        102,
        106,
        104,
        106,
        106,
        103,
        102,
        99,
        100,
        103,
        101,
        106,
        101
    ],
    "velocity": [
        7.219056263733332,
        7.20811687284659,
        7.265289902038108,
        7.29029190784178,
        7.23948630796762,
        7.522918887733347,
        7.345975422244204,
        7.23611276763907,
        7.313093697050013,
        7.1399999999544645,
        7.179821881655473,
        7.375307545712332,
        7.258706230452652,
        7.574121901900993,
        7.517528424129275,
        7.140000001224263,
        7.573758989011219,
        7.139999999999999,
        7.2934727431095325,
        7.140000001178728,
        7.177972523855573,
        7.454314140438446,
        7.24540770756563,
        7.314181285219075,
        7.203538366654933,
        7.635601271767788,
        7.523677151228593,
        7.117186277459243,
        7.411485190344372,
        7.61035401882046,
        7.101542059968837,
        7.510881817546331,
        7.242151641649193,
        7.136237911637331,
        7.065664688035048,
        7.270550682248677,
        7.504317816004048,
        7.581075690918011,
        7.685285038389926,
        7.170620322727389,
        7.548727552716545,
        7.46838072120676,
        7.343569888726408,
        7.684834174495797,
        7.002923444636219,
        7.103621531511546,
        7.574060545923714,
        6.996948287469956,
        6.982731842073104,
        7.105242217040787,
        7.633786071061281
    ]
}