{"x": [54, 55, 54, 55, 54, 56, 56, 63, 62, 60, 54, 61, 63, 56, 60, 62, 55, 57, 59, 61, 58, 59, 60, 57, 63, 56, 62, 59, 61, 58, 60, 58], "y": [2, 2, 1, 3, 3, 3, 2, 5, 5, 4, 4, 5, 6, 4, 5, 6, 4, 4, 5, 6, 5, 4, 6, 5, 7, 5, 7, 6, 7, 6, 7, 7], "velocity": [7.268197327164607, 7.286888377026241, 7.268321580302104, 7.343874982086764, 7.35308897110921, 7.386055466645945, 7.380353928972821, 7.447677312834848, 7.438123046389265, 7.39718519080594, 7.410399227711623, 7.3845133223442065, 7.444457502352804, 7.441598357544141, 7.373523447049902, 7.407401114467069, 7.44552462027201, 7.451108700037925, 7.378642070796897, 7.348066780931114, 7.395189529359573, 7.441697371772803, 7.340036491496966, 7.44220400534019, 7.446455317009743, 7.426027538970505, 7.416366034732222, 7.421723044029381, 7.360370412010853, 7.4745908433659185, 7.377427563637153, 7.455144054734838]}