{
    "x": [
        81,
        80,
        81,
        82,
        82,
        80,
        81,
        82,
        80,
        80,
        81,
        79,
        79,
        82,
        83,
        83,
        83,
        83,
        79,
        82,
        81,
        80,
        79,
        80,
        81,
        82,
        78,
        78,
        84,
        84,
        78,
        81,
        80,
        79,
        81,
        82,
        83,
        78,
        77,
        77,
        77,
        83,
        84,
        79,
        80,
        78,
        78,
        78,
        80,
        79,
        78,
        77,
        76,
        76,
        83,
        84,
        79,
        81,
        77,
        77,
        75,
        76,
        76,
        75
    ],
    "y": [
        21,
        22,
        22,
        21,
        20,
        21,
        20,
        22,
        20,
        23,
        23,
        22,
        21,
        23,
        21,
        22,
        20,
        19,
        20,
        19,
        19,
        19,
        19,
        24,
        24,
        24,
        21,
        20,
        21,
        22,
        19,
        18,
        18,
        25,
        25,
        25,
        25,
        22,
        22,
        20,
        21,
        23,
        23,
        24,
        25,
        24,
        25,
        26,
        26,
        26,
        23,
        23,
        22,
        21,
        24,
        24,
        23,
        26,
        25,
        24,
        22,
        24,
        25,
        24
    ],
    "velocity": [
        6.453105239868949,
        6.441500684744835,
        6.45757345100226,
        6.495316380376594,
        6.524972083463858,
        6.419532088072152,
        6.448422907856967,
        6.482117966454515,
        6.394610115905313,
        6.478629967190073,
        6.4734822019341856,
        6.484245243575279,
        6.454794778182123,
        6.497070918299878,
        6.56804643343608,
        6.51299326235199,
        6.586180597136221,
        6.547082657528072,
        6.406440460406013,
        6.424604973726414,
        6.37187543587874,
        6.358049249903434,
        6.384154660860955,
        6.536211887253787,
        6.475350450661664,
        6.499987475953088,
        6.513581947188584,
        6.492533683150575,
        6.629362086660316,
        6.573920294466677,
        6.430098988523079,
        6.347550559343531,
        6.442382064780808,
        6.605289756006558,
        6.459907883735856,
        6.4770024552437295,
        6.513262046143169,
        6.565033400328821,
        6.516324053101858,
        6.583487829558591,
        6.48483192396283,
        6.601730769537194,
        6.653427692983334,
        6.679999999999996,
        6.679999999999061,
        6.616272301297092,
        6.608707624551382,
        6.628038677101995,
        6.679999999999996,
        6.585818472149123,
        6.636952129497854,
        6.619696281689821,
        6.500703548151201,
        6.472586096537711,
        6.593945180560127,
        6.676132877520816,
        6.677525153443311,
        6.619159500728967,
        6.576216155669827,
        6.705288982356064,
        6.49823745433658,
        6.716256501871702,
        6.719694560004052,
        6.727367921360084
    ]
}