{"x": [47, 46, 52, 48, 48, 52, 48, 48, 51, 51, 50, 47, 47, 49, 45, 49, 49, 45, 49, 50, 48, 48, 49, 46, 48, 50, 47, 50, 44, 51, 49, 45, 51, 50, 52, 46, 48, 51, 50, 49, 47, 51, 46, 50, 52, 49], "y": [64, 64, 67, 63, 62, 66, 67, 64, 65, 64, 65, 62, 63, 63, 65, 62, 64, 64, 65, 64, 65, 66, 66, 63, 61, 62, 61, 63, 64, 62, 61, 63, 61, 61, 65, 62, 60, 60, 60, 60, 60, 59, 60, 59, 59, 59], "velocity": [6.611501276742691, 6.593686388375684, 6.555767417141312, 6.657950572120465, 6.682353614812181, 6.605794288122735, 6.621815596454887, 6.644321742971791, 6.6164118921529145, 6.644862818034562, 6.622317671408895, 6.668402515971438, 6.642367757924444, 6.65406623617369, 6.60401145345906, 6.668027824031968, 6.653703828031162, 6.595318168772721, 6.639158659852214, 6.647999610245662, 6.634182107771297, 6.6172304022643935, 6.619016342131474, 6.606774167654343, 6.680014369911482, 6.651505343200161, 6.676440118176496, 6.639120675696492, 6.566675628147145, 6.556147485515105, 6.659381461341772, 6.57188618673224, 6.538962902678168, 6.6270050424707465, 6.636525039503009, 6.621339348182808, 6.666697408743627, 6.531586876055363, 6.593229451936916, 6.63601608511041, 6.648473369969739, 6.54360050446825, 6.63053741716921, 6.549335056730026, 6.538341880976312, 6.581026852811817]}