{"x": [25, 26, 26, 25, 28, 26, 25, 29, 27, 27, 27, 25, 26, 28, 27, 24, 27, 25, 28, 26, 29, 25, 26, 27, 27, 30, 28, 29, 26, 28, 27, 29, 26, 29, 30, 29, 31, 28, 24, 30, 27, 30, 29, 28, 31, 26, 30, 27, 28, 30, 29, 28, 30, 26, 32, 28, 27, 31, 32, 28], "y": [94, 94, 93, 93, 89, 92, 95, 89, 92, 90, 89, 92, 95, 90, 93, 96, 91, 96, 91, 91, 88, 91, 96, 94, 95, 89, 92, 90, 90, 93, 96, 92, 97, 91, 90, 93, 89, 94, 92, 91, 97, 92, 94, 95, 90, 98, 93, 98, 96, 88, 95, 98, 94, 99, 89, 97, 99, 91, 90, 99], "velocity": [7.103733795928046, 7.044882123720678, 7.010382745512344, 7.068404417739707, 6.943393077642585, 7.0120480816282935, 7.117123299044012, 6.945797428248309, 6.93287289933683, 6.916884154841898, 6.926909543462071, 7.073435181748669, 7.063710740261392, 6.886371299845768, 6.941213391445526, 7.178495562116871, 6.908629596421788, 7.12175442080185, 6.900291781666707, 6.967335102564614, 6.918382507237609, 7.0513037709361175, 7.086985769230853, 6.94246509079545, 7.029133766483527, 6.938789980274226, 6.891912483883213, 6.86993706405542, 6.93674902598698, 6.889711536434352, 7.0337558461569305, 6.898493381631436, 7.143755836178924, 6.88712815375612, 6.879248011121191, 6.875803477122579, 6.998690923782919, 6.8821556102612895, 7.019342101827153, 6.903831536111257, 7.098870956910146, 6.916544589106634, 6.850526907982944, 6.892561278462324, 6.891181901545125, 7.121715439233297, 6.8861653997964885, 7.159999999999997, 6.916068186263109, 6.86058075637666, 6.895068537014474, 7.159999999999994, 6.851095209666522, 7.090077104682187, 7.011053353714214, 6.934376428567918, 7.159999999999997, 6.8891170334014085, 7.053366851517814, 7.159999999999997]}