{
    "x": [
        131,
        131,
        132,
        131,
        132,
        130,
        132,
        130,
        133,
        131,
        132,
        130,
        130,
        131,
        130,
        132,
        129,
        129,
        131,
        129,
        131,
        130,
        130,
        129,
        130,
        128,
        131,
        128,
        128,
        132,
        131,
        131,
        127,
        130,
        127,
        131
    ],
    "y": [
        77,
        78,
        78,
        79,
        79,
        77,
        80,
        78,
        80,
        80,
        81,
        79,
        76,
        81,
        80,
        82,
        78,
        77,
        82,
        79,
        83,
        81,
        82,
        76,
        83,
        78,
        84,
        79,
        77,
        86,
        85,
        86,
        78,
        84,
        77,
        87
    ],
    "velocity": [
        7.129456856320574,
        7.128790591334792,
        7.086300618746831,
        7.140624921218944,
        7.112833940141136,
        7.169229221446836,
        7.146166241471881,
        7.171195772675733,
        7.144500730236521,
        7.149051354782827,
        7.165494027765295,
        7.172616501499258,
        7.128775125428833,
        7.149476049806887,
        7.206579223112017,
        7.179058439211621,
        7.198312505989526,
        7.200477438246183,
        7.164315364145713,
        7.19218132652048,
        7.175754322895172,
        7.124769363296629,
        7.152361305278627,
        7.114195454993912,
        7.196128180428501,
        7.205030579891933,
        7.160546079505098,
        7.183648278632182,
        7.130241843190034,
        7.150711225670116,
        7.167511369556006,
        7.125531253118707,
        7.088052875331717,
        7.1574107825360205,
        7.10301705545105,
        7.111962969447416
    ]
}