{
    "x": [
        82,
        83,
        79,
        80,
        81,
        82,
        83,
        78,
        79,
        80,
        81,
        82,
        83,
        84,
        78,
        79,
        80,
        81,
        82,
        83,
        84,
        77,
        78,
        79,
        80,
        81,
        82,
        83,
        76,
        77,
        78,
        79,
        80,
        81,
        82,
        83,
        78,
        79,
        80,
        82,
        84,
        82
    ],
    "y": [
        18,
        19,
        20,
        20,
        20,
        20,
        20,
        21,
        21,
        21,
        21,
        21,
        21,
        21,
        22,
        22,
        22,
        22,
        22,
        22,
        22,
        23,
        23,
        23,
        23,
        23,
        23,
        23,
        24,
        24,
        24,
        24,
        24,
        24,
        24,
        24,
        25,
        25,
        25,
        25,
        25,
        19
    ],
    "z": [
        6.599128644,
        6.547082819,
        6.412321162,
        6.399846577,
        6.452653108,
        6.524972157,
        6.586179729,
        6.513580886,
        6.454831948,
        6.42547431,
        6.453105254,
        6.495316184,
        6.56804596,
        6.629362029,
        6.565029466,
        6.484246998,
        6.441500687,
        6.457573451,
        6.482117967,
        6.512993672,
        6.573919941,
        6.619722216,
        6.636922646,
        6.677524521,
        6.478629977,
        6.473482195,
        6.497070891,
        6.601731203,
        6.753462527,
        6.706997152,
        6.662517963,
        6.68,
        6.53620965,
        6.475350469,
        6.499987392,
        6.593950473,
        6.608707347,
        6.605290062,
        6.68,
        6.477002504,
        6.586147234,
        6.424608076
    ]
}