{
    "x": [
        75,
        74,
        75,
        74,
        73,
        75,
        72,
        73,
        74,
        75,
        74,
        73,
        72,
        71,
        75,
        74,
        73,
        71,
        74,
        70,
        72,
        74,
        71,
        73,
        75,
        71,
        73,
        72,
        73,
        72,
        76,
        75,
        74,
        73,
        75,
        72
    ],
    "y": [
        50,
        49,
        47,
        48,
        49,
        46,
        50,
        50,
        47,
        45,
        46,
        51,
        49,
        50,
        44,
        45,
        48,
        51,
        44,
        50,
        51,
        43,
        49,
        47,
        43,
        52,
        46,
        52,
        45,
        48,
        43,
        42,
        42,
        52,
        41,
        47
    ],
    "velocity": [
        7.445882049612141,
        7.436369109324826,
        7.545264539378346,
        7.47346655565688,
        7.459473386016501,
        7.57344155010396,
        7.543311922120556,
        7.592709030565059,
        7.5158959748036915,
        7.620217551317842,
        7.578464921937496,
        7.591963574769234,
        7.514213225216749,
        7.55334334102219,
        7.6651399181548445,
        7.651774816820762,
        7.472762237494509,
        7.587554026974484,
        7.690328187779827,
        7.514830990377439,
        7.68398353161379,
        7.753764571880499,
        7.545473241028946,
        7.534331295738879,
        7.674125682968266,
        7.605097223313984,
        7.622556542649492,
        7.654404210040114,
        7.689420656701492,
        7.533730170777042,
        7.639894049455333,
        7.657204693891369,
        7.718791432320398,
        7.66018145511158,
        7.650427871182037,
        7.584243672337818
    ]
}