{"x": [50, 47, 48, 47, 49, 50, 50, 49, 47, 48, 48, 47, 49, 49, 48, 48, 50, 48, 48, 48, 49, 47, 49, 46, 48], "y": [25, 23, 22, 22, 25, 23, 24, 22, 20, 21, 20, 24, 24, 23, 25, 23, 26, 19, 24, 18, 20, 25, 26, 24, 26], "velocity": [7.040428779174155, 7.105980692247336, 7.016159865400375, 7.057952473541499, 6.978592235303706, 6.991631423389739, 6.966571614907976, 6.994210654782963, 6.950244878143305, 6.989783174671777, 7.01012601157129, 7.095427234508405, 6.971848547107344, 6.975916888989323, 7.112103611574416, 7.005903830771471, 7.017771507003847, 6.976309349658048, 6.980615748409709, 6.942187564903663, 6.981873269861806, 7.117498723097395, 6.959816486892723, 7.114930063220336, 6.986403590098172]}