{
    "x": [
        140,
        140,
        138,
        139,
        139,
        139,
        138,
        140,
        141,
        137,
        141,
        136,
        138,
        134,
        138,
        137,
        137,
        134,
        138,
        135,
        135,
        137,
        136,
        136,
        139,
        134,
        141,
        135,
        140,
        139,
        137,
        136,
        142,
        135,
        138,
        138,
        140,
        136,
        139,
        140,
        136,
        142,
        140,
        138,
        135,
        137,
        136,
        136,
        143,
        138,
        137,
        137,
        139,
        137,
        141,
        141,
        138,
        142,
        139,
        141
    ],
    "y": [
        56,
        55,
        56,
        56,
        57,
        55,
        57,
        57,
        55,
        57,
        56,
        57,
        58,
        56,
        54,
        58,
        56,
        57,
        55,
        57,
        56,
        55,
        58,
        56,
        58,
        58,
        57,
        58,
        58,
        54,
        59,
        59,
        54,
        59,
        59,
        53,
        60,
        55,
        59,
        54,
        60,
        58,
        59,
        61,
        55,
        60,
        61,
        62,
        58,
        62,
        63,
        61,
        60,
        62,
        58,
        54,
        60,
        59,
        53,
        59
    ],
    "velocity": [
        6.918616073727568,
        6.904960340114462,
        6.98941639242439,
        6.92752888437916,
        6.9766952173323,
        6.938049276983518,
        6.965547884944807,
        6.9191510954072655,
        6.85817541083772,
        6.907407715735952,
        6.896845936426293,
        6.860968006630769,
        6.9505352430226335,
        7.126347362011688,
        6.796002648980294,
        6.8948808007238185,
        6.952120481715918,
        7.1010784081289495,
        6.974285584538879,
        7.071928891344757,
        7.057293089798607,
        7.008211174271599,
        6.910143721296273,
        6.96016880804746,
        6.895660097000967,
        7.0789077342262825,
        6.930471697417743,
        7.0687839224532345,
        6.9311800682773255,
        6.86647916373003,
        6.933212170864798,
        6.957575186191605,
        6.83661463592744,
        7.100675672922595,
        6.8861327679053295,
        6.783984562540156,
        7.01376529117517,
        6.98189855040319,
        6.880640623454966,
        6.886079085724716,
        6.880347905023787,
        6.915234453138135,
        6.943016239237487,
        6.821309794652276,
        7.000844920266428,
        6.881415288244322,
        6.880708561778402,
        6.923302835655347,
        6.937403095503315,
        6.823952178205677,
        6.925432829979117,
        6.866085116944901,
        6.875201099641025,
        6.89852268820229,
        6.930989142181197,
        6.839613484129799,
        6.8576099152592285,
        6.884003808593959,
        6.84827861015665,
        6.975492832773644
    ]
}