{"x": [35, 35, 36, 36, 34, 34, 36, 35, 35, 34, 37, 34, 35, 34, 36, 33, 37, 43, 35, 37, 42, 42, 33, 42, 42, 35, 43, 36, 36, 41, 33, 41, 41, 38, 36, 34, 40, 41, 33, 36, 40, 35, 42, 36, 42, 39, 42, 33, 39, 36, 41, 37, 38, 37, 40, 38, 37, 41, 40, 43, 40, 38, 41, 37, 32, 43, 39, 41, 40, 38, 37, 38, 37, 36, 41, 39, 39, 40, 35, 39, 43, 42, 39, 32, 35, 33, 40, 40, 42, 41, 43, 34, 37, 42, 33, 40, 37, 34, 36, 38, 39, 42, 40, 38, 41, 37, 30, 39, 39, 38, 32, 41, 38, 41, 41, 39, 31, 42, 43, 40, 31, 42, 43, 42, 32, 39, 38, 32, 30, 35, 36, 30, 33, 31, 29, 40, 29, 28, 31, 33, 38, 41, 40, 40, 41, 41, 38, 40, 42, 27, 31, 41, 29, 39, 28, 38, 39, 27, 34, 26, 40, 43, 40, 32, 29, 39, 39, 32, 25, 42, 26, 30, 37, 30, 31, 26, 25, 31, 33, 40, 43, 27, 28, 29, 25, 25, 37, 41, 45, 24, 39, 24, 24, 23, 44, 35, 36, 30, 23, 38, 37, 27, 26, 28, 32, 36, 32, 27, 28, 30, 44, 22, 24, 31, 38, 40, 27, 29, 41, 38, 39, 23, 29, 37, 37, 25, 36, 28, 31, 34, 24, 26, 22, 37, 38, 33, 29, 21, 32, 39, 23, 25, 27, 22, 21, 35, 28, 24, 29, 34, 37, 23, 41, 30, 33], "y": [6, 7, 6, 7, 7, 6, 5, 5, 8, 8, 6, 5, 9, 9, 8, 7, 7, 15, 11, 5, 15, 7, 6, 6, 14, 4, 6, 11, 4, 15, 8, 14, 6, 6, 12, 4, 15, 7, 5, 10, 14, 12, 13, 9, 8, 14, 5, 9, 13, 13, 16, 13, 5, 8, 13, 7, 12, 5, 16, 5, 6, 13, 13, 14, 7, 8, 15, 8, 7, 12, 11, 14, 4, 14, 4, 5, 12, 5, 3, 16, 9, 4, 6, 5, 13, 4, 4, 17, 9, 3, 7, 12, 9, 3, 10, 12, 10, 3, 3, 15, 17, 12, 8, 8, 17, 15, 5, 4, 7, 4, 8, 12, 11, 9, 2, 8, 7, 11, 11, 3, 6, 10, 10, 2, 9, 11, 16, 4, 6, 14, 15, 4, 11, 4, 5, 18, 4, 4, 5, 3, 9, 10, 9, 11, 1, 11, 10, 2, 1, 4, 8, 18, 6, 3, 5, 17, 9, 3, 13, 3, 10, 2, 1, 10, 3, 10, 18, 3, 2, 0, 2, 7, 16, 3, 3, 4, 1, 9, 12, 0, 1, 5, 3, 2, 0, 3, 3, 0, 1, 0, 2, 2, 1, 0, 1, 15, 2, 2, 1, 3, 2, 0, 1, 6, 11, 0, 2, 2, 1, 8, 11, 0, 3, 2, 2, 19, 1, 1, 19, 18, 1, 2, 7, 1, 0, 4, 16, 0, 10, 14, 4, 5, 1, 17, 1, 13, 0, 0, 12, 19, 3, 5, 6, 2, 1, 16, 7, 5, 8, 15, 18, 4, 20, 10, 14], "velocity": [7.049596393446728, 7.045683577655487, 7.06253031467727, 7.05682309682076, 7.040481466858312, 7.0409990766241215, 7.081065066960604, 7.046851657837855, 7.060982714892936, 7.057715460353654, 7.107653930137115, 7.038614457344482, 7.103226599365734, 7.099161212442706, 7.0676145880465135, 7.044851111963676, 7.083255769318221, 7.265699248798764, 7.166735504300648, 7.111355005011583, 7.312436009787271, 7.131640703639291, 7.042851145918497, 7.1440791742186, 7.2855381272336786, 7.016762312565251, 7.217924744598708, 7.144972947603904, 7.061552558698398, 7.246005931060719, 7.047401415342926, 7.234143679369217, 7.159288067287952, 7.175308666894395, 7.186887833885608, 7.018726797806287, 7.241047794890304, 7.117329915146928, 7.049077933285952, 7.120636953851439, 7.223225048154656, 7.2005570903717535, 7.202329618076989, 7.09543182427391, 7.126509967491056, 7.22064376567187, 7.1459360144026896, 7.076630847172523, 7.192240632322544, 7.257207816272404, 7.270484518089379, 7.243336585101245, 7.188710925653337, 7.078717792272475, 7.198399854557034, 7.124895543984762, 7.178208049080678, 7.177267978799335, 7.224276527530169, 7.227112677663406, 7.196939960526211, 7.22049480035432, 7.207648842987996, 7.282741312597671, 7.0733427294733655, 7.182002960686738, 7.228360605556378, 7.099916256980846, 7.147062088596626, 7.163463906507277, 7.120902092915429, 7.251040079186429, 7.089128954349235, 7.297258610086496, 7.1567630718148445, 7.234536816122247, 7.161371803868847, 7.214522503258024, 6.945922590673042, 7.222461788931399, 7.175193737875638, 7.200730841682176, 7.240251955054659, 7.074348481539501, 7.25907177631762, 7.048895293245478, 7.173181216848165, 7.207678767760135, 7.130830551397764, 7.155791624855664, 7.214565144779388, 7.208221935886419, 7.078676975808402, 7.198800133070398, 7.090457744948279, 7.174949794495404, 7.089577318922784, 6.960184523341526, 7.011206779232619, 7.259419586578347, 7.18976328137924, 7.1738288348226416, 7.122263599880181, 7.1100065493259335, 7.293226892105532, 7.279064859763316, 7.252806875608723, 7.199387104788288, 7.21729673208279, 7.169073225380122, 7.03496641567997, 7.208834901999738, 7.118164442893072, 7.089353901415167, 7.164574962301813, 7.13588439400518, 7.125930464453362, 7.205067865860192, 7.250823973180899, 7.158419573747354, 7.281628505590338, 7.175559645217843, 7.22014002921356, 7.217946545433805, 7.112294624041803, 7.125907370844475, 7.234349850787737, 7.084796011051419, 7.325062387363701, 7.2918681511797026, 7.282523733152848, 7.134430045063495, 7.1714996365516726, 7.105814943428657, 7.244313304546267, 7.167576089676735, 7.197234186892572, 7.279330018700218, 7.228398509998806, 7.010721140540788, 7.083763886631854, 7.103357665142193, 7.0818788126359165, 7.140825685066718, 7.156889895618008, 7.165158034918469, 7.082250918759698, 7.129376744721203, 7.1829022749616245, 7.312940517201391, 7.13276400935622, 7.265465396631539, 7.372733577056644, 7.171169581319223, 7.312756758644977, 7.197657255105859, 7.096078548777703, 7.266947004258219, 7.250963995942592, 7.253488107227773, 7.089870334673991, 7.161456782382428, 7.064913380465488, 7.149028615720849, 7.14766692404443, 7.084052145853058, 7.142130340955038, 7.078044281898941, 7.20859196993147, 7.146552636896165, 7.21419235825889, 7.187094535646253, 7.249113152481752, 7.108957318901201, 7.103617729142155, 7.306647757684209, 7.186039036780496, 7.154323960029047, 7.214473834269155, 7.021822033503077, 7.115496744774195, 7.347310904209053, 7.298459684628669, 7.15377587421104, 7.152932978788981, 7.269258274386347, 7.129472890468446, 7.156452378912773, 7.075934274922814, 7.242087724735925, 7.120790060642392, 7.292516500367104, 7.294468742835794, 7.219944017362338, 7.113767894393318, 7.266983928350087, 7.060998379897995, 7.132486061086922, 7.222681294381556, 7.203463223484631, 7.076651717137634, 7.149103526849149, 7.192378380641969, 7.354856788561038, 7.180484560069615, 7.10500224291444, 7.0236869707383045, 7.268575829565355, 7.163358945748145, 7.187651134980401, 7.26479354281605, 7.199857069911346, 7.301739249028088, 7.1121858079221445, 7.121353614061146, 7.141509738390381, 7.209730964240279, 7.205794550238633, 7.268083245093718, 7.158175623531764, 7.065188946144402, 7.242771603387401, 7.4157118830116575, 7.082942115128115, 7.069072049002478, 7.278259495252204, 7.232695377246906, 7.152803837974857, 7.178056350152532, 7.268484012001554, 7.245730638699993, 7.325919843922349, 7.209973534828039, 7.204078093038823, 7.0829485569496775, 7.239579795738712, 7.264149334319456, 7.179082862310519, 7.201480411160348, 7.101531079084603, 7.353503856751124, 7.262089855408242, 7.351193841133874, 7.2993989912137875, 7.234443032346347, 7.190947875266995, 7.424292402052891, 7.233708033012878, 7.436842981603566, 7.231043704554265, 7.164309869199075, 7.321224130014686, 7.311848862045678, 7.178115566684282, 7.228309160655348]}