{
    "x": [
        40,
        41,
        40,
        39,
        41,
        42,
        41,
        40,
        42,
        39,
        41,
        42,
        42,
        41,
        42,
        40,
        43,
        39,
        41,
        42,
        43,
        43,
        43,
        40,
        41,
        42,
        44,
        44,
        40,
        39,
        40,
        41,
        42,
        43,
        39,
        39,
        40,
        41,
        39,
        42,
        38,
        38,
        40,
        41,
        39,
        42,
        38,
        40,
        41,
        39,
        42,
        38,
        39,
        40,
        38,
        39,
        38,
        37,
        37,
        37,
        36,
        36,
        36,
        35
    ],
    "y": [
        116,
        115,
        115,
        115,
        114,
        115,
        116,
        114,
        116,
        114,
        113,
        114,
        113,
        117,
        117,
        113,
        116,
        113,
        112,
        112,
        114,
        115,
        113,
        112,
        111,
        111,
        114,
        115,
        111,
        112,
        110,
        110,
        110,
        110,
        110,
        111,
        109,
        109,
        109,
        109,
        110,
        109,
        108,
        108,
        108,
        108,
        108,
        107,
        107,
        107,
        107,
        107,
        106,
        106,
        106,
        105,
        105,
        104,
        106,
        105,
        104,
        105,
        106,
        105
    ],
    "velocity": [
        7.333502304442837,
        7.267681624340635,
        7.25397779577609,
        7.318930936127768,
        7.281667737229248,
        7.3374096867360095,
        7.250367557827722,
        7.215701861772919,
        7.244301749691298,
        7.374521689197381,
        7.266314804396309,
        7.358102562956835,
        7.319226905942399,
        7.227689727036624,
        7.181068932062551,
        7.196882218560315,
        7.251778033607959,
        7.364085335270963,
        7.224585012932598,
        7.281089929721538,
        7.427137783864057,
        7.427137783864057,
        7.330570663817398,
        7.175496241627975,
        7.149042910972971,
        7.180122347093561,
        7.437704163434479,
        7.4114798826571855,
        7.122128069106397,
        7.11111891613248,
        7.095603240919284,
        7.103921004518522,
        7.089512416697179,
        7.179354045893014,
        7.071095679026526,
        7.078533265906827,
        7.0689753816242735,
        7.0532957516205945,
        7.040407433436169,
        7.125745842703993,
        6.994152692362931,
        6.9937360639981625,
        7.06128049905283,
        7.056175903475239,
        7.03326308089447,
        7.077235700235304,
        7.015327647500816,
        7.023369997844576,
        7.021876053125341,
        7.011185290007476,
        6.994675255555723,
        7.022523339139664,
        7.015606911169245,
        6.962196143787264,
        7.074642922674835,
        7.123130723958133,
        7.165368302878643,
        7.189671114040898,
        7.187634297856501,
        7.247491533467303,
        7.178789153206202,
        7.287558600758719,
        7.286950208996054,
        7.353778938917085
    ]
}