{"x": [35, 35, 35, 40, 41, 34, 40, 35, 39, 39, 34, 41, 35, 39, 40, 35, 33, 35, 35, 38, 34, 36, 42, 35, 34, 34, 36, 36, 34, 34, 41, 34, 37, 35, 40, 33, 33, 34, 41, 32, 32, 33, 33, 33, 33, 33, 33, 35, 33, 40, 41, 31, 31], "y": [78, 77, 76, 71, 71, 77, 70, 75, 71, 70, 76, 70, 74, 69, 69, 73, 77, 72, 71, 71, 75, 72, 69, 70, 71, 72, 73, 71, 73, 74, 69, 70, 71, 69, 68, 69, 76, 69, 68, 69, 68, 70, 72, 73, 68, 71, 75, 68, 74, 67, 67, 68, 69], "velocity": [7.255432926458675, 7.227998632851284, 7.241594806992345, 7.2824487124321555, 7.279415103289216, 7.233380155095551, 7.343610957164512, 7.285674107654497, 7.30566316515536, 7.348765999627346, 7.216880222126194, 7.356136570958331, 7.36210824611881, 7.401009362336661, 7.318177672799639, 7.368907335232424, 7.299230468028, 7.345547423081541, 7.292619071080119, 7.284389948112111, 7.2918909040004145, 7.34157910760771, 7.310122455898569, 7.31681879659016, 7.319323097132375, 7.332532351539369, 7.420094601847418, 7.318053258606438, 7.3477039329436815, 7.333922168444971, 7.31635509669099, 7.316191837360342, 7.341325938262656, 7.359305895305972, 7.364311356544217, 7.321024885192408, 7.257036556298341, 7.356594644076443, 7.301787018136668, 7.294871446997356, 7.304341481370912, 7.316622943153438, 7.352944844189737, 7.366934357473719, 7.3535241054414415, 7.338255906513204, 7.285326350587144, 7.418063829397635, 7.345963685939828, 7.379759053931261, 7.313641233315096, 7.293036076639477, 7.2945076613133475]}