{
    "x": [
        76,
        77,
        78,
        79,
        78,
        79,
        76,
        79,
        77,
        75,
        78,
        78,
        80,
        75,
        80,
        75,
        74,
        77,
        79,
        76,
        73,
        80,
        77,
        81,
        80,
        81,
        75,
        82,
        81,
        83,
        78,
        82,
        84,
        83,
        73,
        82,
        74,
        84,
        83,
        82,
        81,
        82,
        82,
        81,
        76,
        75,
        76,
        81,
        83,
        81,
        80,
        85,
        82,
        84,
        84,
        77,
        85,
        79,
        81,
        86
    ],
    "y": [
        4,
        4,
        4,
        5,
        6,
        4,
        3,
        6,
        3,
        5,
        5,
        3,
        5,
        4,
        4,
        3,
        3,
        5,
        3,
        2,
        3,
        6,
        2,
        4,
        3,
        5,
        2,
        5,
        3,
        5,
        2,
        4,
        4,
        4,
        1,
        6,
        1,
        5,
        6,
        3,
        2,
        7,
        2,
        1,
        1,
        1,
        5,
        6,
        3,
        7,
        2,
        3,
        1,
        6,
        3,
        1,
        4,
        2,
        8,
        3
    ],
    "velocity": [
        7.355466764557616,
        7.321767735019941,
        7.298189602387372,
        7.273534873081373,
        7.340000000000003,
        7.306574813833682,
        7.36079616021901,
        7.3344252847514335,
        7.308387413348965,
        7.461427249777878,
        7.220797569804593,
        7.257050753711843,
        7.334317702624528,
        7.459169018304772,
        7.389084873286335,
        7.429037293060315,
        7.421711437281916,
        7.223690412005484,
        7.315393257740526,
        7.401962216964654,
        7.399999999999736,
        7.374919120302513,
        7.295902864414135,
        7.495859107863974,
        7.430092114747799,
        7.497935507864368,
        7.459068982805594,
        7.58566487554398,
        7.484113686628329,
        7.643008339491551,
        7.20320063919956,
        7.550195109436478,
        7.590857435181558,
        7.590881354021064,
        7.430429811166753,
        7.60133399065895,
        7.454764066064915,
        7.662306932358573,
        7.667955814938855,
        7.499922186374884,
        7.4594570283753425,
        7.60385288470973,
        7.469053028968151,
        7.428958970153466,
        7.446432449347862,
        7.5009593119455475,
        7.213157855444374,
        7.489485434897293,
        7.529569851823024,
        7.5475214049660515,
        7.428669480319233,
        7.454286715993677,
        7.442796285351644,
        7.664338003429631,
        7.5270783237944014,
        7.279509107833506,
        7.4927287099971425,
        7.318711048085907,
        7.571599770405762,
        7.550274006068672
    ]
}