{
    "x": [
        140,
        139,
        140,
        143,
        142,
        138,
        139,
        139,
        143,
        138,
        142,
        144,
        139,
        140,
        138,
        133,
        141,
        143,
        138,
        141,
        136,
        137,
        139,
        145,
        138,
        144,
        144,
        137,
        134,
        139,
        145,
        134,
        145,
        134,
        135,
        135,
        137,
        133,
        136,
        134,
        136,
        139,
        137,
        140,
        141,
        135,
        140,
        140
    ],
    "y": [
        56,
        56,
        55,
        56,
        56,
        56,
        57,
        55,
        55,
        57,
        57,
        55,
        54,
        57,
        55,
        56,
        55,
        54,
        54,
        56,
        57,
        57,
        53,
        55,
        58,
        56,
        54,
        58,
        56,
        52,
        54,
        55,
        56,
        57,
        57,
        56,
        55,
        57,
        58,
        58,
        56,
        58,
        56,
        53,
        57,
        58,
        54,
        58
    ],
    "z": [
        6.918614374017125,
        6.957526070175872,
        6.903652074223981,
        7.06699460972822,
        6.991886436999122,
        6.989417426582954,
        6.976908798868977,
        6.938758798409317,
        6.9941613500121225,
        6.965542525644083,
        7.091330090918548,
        7.023984279747038,
        6.942631072974821,
        6.918747212236737,
        6.998484505280652,
        7.018361869865517,
        6.858188443162224,
        7.024297093430186,
        7.046377010083448,
        6.896847363381803,
        6.860964030011348,
        6.901285211764528,
        6.984012561706233,
        7.03548963839158,
        6.950535290258538,
        7.08752515056994,
        7.06228642472548,
        6.893804204986904,
        7.121143804689802,
        6.930586594108613,
        7.064003166305144,
        7.174047023320223,
        7.148981176210443,
        7.1010777726911085,
        7.07192795331609,
        7.057308364585682,
        7.00825372343631,
        7.121388052483152,
        6.910147957265359,
        7.079098347937335,
        6.960165454060481,
        6.895663950275427,
        6.946371810457298,
        6.938006668941148,
        6.93019240686157,
        7.068784731026123,
        6.913746210707712,
        6.93118005190395
    ]
}