{"x": [41, 41, 42, 40, 41, 41, 40, 42, 41, 40, 40, 41, 42, 40, 41, 41, 42, 39, 41, 40, 39, 40, 40, 42, 41, 39, 40, 42, 39, 41, 39, 42, 38, 42, 39, 42, 38, 38, 39, 43, 43, 38, 38, 40, 42, 42], "y": [115, 114, 115, 115, 113, 116, 109, 114, 112, 108, 114, 111, 116, 110, 108, 109, 113, 109, 110, 111, 110, 107, 112, 112, 117, 108, 113, 110, 111, 107, 107, 109, 106, 111, 106, 108, 110, 109, 112, 116, 113, 107, 108, 106, 107, 117], "velocity": [7.267681624340635, 7.281667737229248, 7.3374096867360095, 7.25397779577609, 7.266314804396309, 7.250367557827722, 7.0689753816242735, 7.358102562956835, 7.224585012932598, 7.06128049905283, 7.215701861772919, 7.149042910972971, 7.244301749691298, 7.095603240919284, 7.056175903475239, 7.0532957516205945, 7.319226905942399, 7.040407433436169, 7.103921004518522, 7.122128069106397, 7.071095679026526, 7.023369997844576, 7.175496241627975, 7.281089929721538, 7.227689727036624, 7.03326308089447, 7.196882218560315, 7.089512416697179, 7.078533265906827, 7.021876053125341, 7.011185290007476, 7.125745842703993, 7.074642922674835, 7.180122347093561, 7.015606911169245, 7.077235700235304, 6.994152692362931, 6.9937360639981625, 7.11111891613248, 7.251778033607959, 7.330570663817398, 7.022523339139664, 7.015327647500816, 6.962196143787264, 6.994675255555723, 7.181068932062551]}