{
    "x": [
        76,
        75,
        76,
        77,
        77,
        75,
        76,
        77,
        78,
        78,
        78,
        76,
        75,
        76,
        77,
        79,
        79,
        78,
        79,
        77,
        78,
        80,
        80,
        80,
        79,
        79,
        80,
        78,
        79,
        81,
        81,
        80,
        81,
        81,
        82,
        82,
        81,
        83,
        82,
        83
    ],
    "y": [
        60,
        59,
        59,
        59,
        60,
        58,
        58,
        58,
        58,
        60,
        59,
        61,
        57,
        57,
        57,
        59,
        58,
        57,
        60,
        56,
        56,
        60,
        59,
        58,
        57,
        56,
        61,
        61,
        61,
        60,
        59,
        57,
        58,
        61,
        59,
        60,
        57,
        60,
        61,
        59
    ],
    "velocity": [
        4.734255543871226,
        4.714664832015573,
        4.718582850320678,
        4.716933679830494,
        4.783737716437023,
        4.7285082837809576,
        4.720140125711579,
        4.699139233330671,
        4.6644459106394605,
        4.690464508992085,
        4.690015928660291,
        4.842454951492634,
        4.762536933459405,
        4.723568757416794,
        4.682918119107976,
        4.710845947746642,
        4.661877916753973,
        4.61311926199806,
        4.62747604256244,
        4.707521476863494,
        4.733193505670508,
        4.665833130914166,
        4.687337486664299,
        4.62340034784178,
        4.579228419958842,
        4.691348983799382,
        4.589268326438518,
        4.605110288848753,
        4.560116944004655,
        4.67789305456108,
        4.692117753583823,
        4.558487602276363,
        4.598304803753356,
        4.585729428080225,
        4.684397978446138,
        4.7465895401975375,
        4.536353689121252,
        4.744177613262682,
        4.772255321657977,
        4.786299837518022
    ]
}