{"x": [188, 187, 188, 186, 188, 187, 187, 186, 186, 188, 185, 187, 186, 188, 185, 187, 185, 188, 186, 184, 184, 188, 184, 185, 183], "y": [115, 115, 116, 115, 114, 114, 116, 116, 114, 117, 115, 117, 117, 113, 116, 113, 114, 118, 113, 115, 116, 112, 114, 113, 115], "velocity": [6.8154291934957305, 6.801418055921986, 6.809764929557447, 6.786017195793574, 6.825662018597193, 6.815265751758296, 6.789528535457242, 6.776281853571346, 6.791153801105419, 6.807448312442558, 6.792636962593085, 6.782930275097952, 6.800443045490497, 6.842357347507858, 6.813460437402889, 6.831596904492707, 6.77164875615356, 6.768159178428865, 6.79057177097098, 6.789452481094429, 6.826591821440635, 6.8557520187730425, 6.719525323998945, 6.739986995026597, 6.777527401732195]}