{"x": [82, 82, 81, 81, 82, 83, 83, 81, 80, 80, 79, 83, 82, 79, 82, 80, 78, 81, 83, 83, 79, 78, 82, 84, 80, 83, 82, 80, 80, 77, 84, 83, 81, 79, 82, 79, 81, 78, 79, 78, 79, 77, 80, 79, 76, 85, 79, 81, 77, 79, 80, 81, 76, 85, 84, 81, 83, 79, 76, 77, 80, 86, 78, 82, 78, 79, 81, 75, 78, 78, 85, 77, 86, 84, 82, 78, 80, 78, 77, 82, 80, 77, 75, 87, 86, 79, 76, 81, 78, 76, 87, 84, 75, 82, 87, 77, 78], "y": [65, 64, 65, 66, 66, 65, 64, 67, 65, 66, 59, 66, 63, 58, 67, 67, 58, 68, 68, 67, 60, 59, 68, 65, 59, 69, 69, 58, 61, 58, 64, 63, 69, 65, 62, 66, 61, 60, 57, 57, 61, 59, 60, 64, 58, 65, 62, 60, 57, 63, 57, 59, 59, 64, 63, 58, 62, 67, 57, 60, 68, 65, 62, 60, 66, 56, 57, 60, 65, 56, 63, 61, 64, 62, 59, 63, 56, 64, 56, 58, 69, 62, 61, 65, 63, 68, 56, 56, 67, 62, 64, 61, 62, 57, 63, 63, 55], "velocity": [5.327478188640868, 5.286556872383445, 5.256627949424681, 5.332207283316245, 5.367543254943753, 5.368752449090934, 5.336981846903024, 5.34896959688498, 5.228589369689402, 5.277233955528755, 5.390236285511474, 5.419174581395119, 5.245345672258874, 5.402426917515554, 5.392665607394038, 5.3322142840656, 5.394290611299219, 5.332938320520809, 5.471524657958583, 5.467226697056603, 5.319185728739666, 5.3434338812289965, 5.398569905266768, 5.424746606156687, 5.414924578288679, 5.526968463785065, 5.364606611338879, 5.409199145749209, 5.305687473555366, 5.37837209161457, 5.396245773549451, 5.329225995886024, 5.297503569326782, 5.253860261233019, 5.239811925134587, 5.296369807500862, 5.292883270887906, 5.26353237790809, 5.416724533269524, 5.408636157919877, 5.304513916295259, 5.335338606208649, 5.4196947305575724, 5.224908972532312, 5.337935642649898, 5.471957415512375, 5.233885200641435, 5.402602982134625, 5.410902420766599, 5.220989716261474, 5.420874741647588, 5.430066043368331, 5.369629613806321, 5.453655026157427, 5.36759576997155, 5.409177587885102, 5.327041467214543, 5.333883405890868, 5.372079546999488, 5.313036975286376, 5.365742047838543, 5.52579353241508, 5.206189439315838, 5.408095334422144, 5.279089114281668, 5.437902930465889, 5.422411665038831, 5.356651114506878, 5.26034054282596, 5.457705104138719, 5.4324176517085725, 5.258252441069106, 5.459184707551801, 5.417663608234427, 5.409553340674856, 5.232211444571335, 5.481641716868623, 5.233535168058224, 5.450138972186872, 5.45156980798935, 5.365762163652928, 5.313189516575831, 5.3400000000000425, 5.51175354879137, 5.406078264133528, 5.36636078253716, 5.452489458452571, 5.437828094564835, 5.311642264962998, 5.273197652031756, 5.436230981832099, 5.390674399260102, 5.316115763435834, 5.505388655307893, 5.404772664525875, 5.253797581449154, 5.424530673212697]}