{"x": [126, 127, 126, 125, 126, 120, 126, 127, 125, 120, 124, 126, 126, 125, 120, 126, 126, 120, 124, 123, 121, 123, 124, 121, 120, 122, 123, 126, 125, 124, 121, 123, 122, 125, 125, 125, 125, 120, 124, 125, 120, 126, 122, 121, 123, 121, 124, 122, 121, 125, 123, 123, 122, 122, 124, 123, 125, 124, 125, 123, 123, 125, 124, 124], "y": [47, 43, 46, 47, 42, 42, 48, 49, 46, 44, 47, 43, 45, 48, 41, 44, 41, 43, 45, 45, 42, 46, 46, 43, 38, 44, 47, 50, 49, 50, 41, 44, 43, 44, 45, 43, 50, 40, 44, 42, 39, 49, 42, 38, 43, 40, 43, 41, 39, 41, 42, 38, 39, 40, 42, 39, 40, 39, 38, 41, 40, 39, 41, 40], "velocity": [7.093377843027938, 7.059958265264194, 7.083427766395356, 7.071747724975896, 7.00360573968895, 6.973855328907424, 7.086319335958747, 7.049590647711119, 7.06770014672705, 7.06080855809467, 7.109375640145047, 7.016681747058082, 7.024124480981838, 7.057183055412335, 6.957708889238465, 7.010651910622518, 6.993444361251305, 7.016859132259713, 7.035326006566439, 6.979080519656337, 7.029188709074757, 7.1627242734545415, 7.1216826713809285, 6.996389222176454, 6.981511818832595, 7.049608287321619, 7.165397988945133, 7.051740372689194, 7.030332968424191, 7.099999999999996, 6.991861612870458, 7.052053324791543, 7.035571770398366, 7.026346588830166, 7.065922928881921, 6.997629200031692, 7.055502726594272, 6.972244722740005, 7.042084976858098, 6.994771692707572, 6.952000193947565, 7.099999999999983, 7.03501078879762, 6.968237406506463, 7.049492289474157, 6.978193931565027, 7.038659393295764, 7.005298583115806, 6.9753329384371465, 6.942123694232444, 7.048600854952074, 6.987213602881032, 6.982825890744922, 6.991037737793775, 6.968247985474531, 7.005148306339762, 6.902879246421983, 6.951445909722449, 6.991430439344014, 6.999764044510589, 6.983544393142622, 6.992945913631715, 6.918901905070692, 6.912956295434231]}