{
    "x": [
        55,
        54,
        54,
        55,
        56,
        56,
        53,
        54,
        54,
        55,
        55,
        53,
        56,
        54,
        57,
        55,
        51,
        52,
        56,
        53,
        55,
        57,
        57,
        52,
        56,
        55,
        59,
        52,
        57,
        58,
        58,
        56,
        59,
        61,
        53,
        54,
        57,
        59,
        60,
        58,
        58,
        58,
        59,
        55,
        56,
        57,
        58,
        52,
        55,
        57,
        56,
        54,
        52,
        53,
        58
    ],
    "y": [
        106,
        107,
        106,
        105,
        105,
        106,
        108,
        108,
        105,
        107,
        104,
        109,
        104,
        109,
        105,
        108,
        110,
        109,
        107,
        110,
        103,
        106,
        104,
        111,
        103,
        109,
        105,
        112,
        107,
        105,
        104,
        108,
        108,
        107,
        111,
        110,
        103,
        106,
        107,
        106,
        109,
        108,
        107,
        102,
        109,
        108,
        107,
        110,
        110,
        109,
        102,
        111,
        113,
        113,
        102
    ],
    "velocity": [
        8.060753264106593,
        8.03585604216951,
        8.050104379445077,
        8.073804741857325,
        8.125574661364885,
        8.083299980507666,
        7.998237153585155,
        8.028034953045323,
        8.073530935155743,
        8.050318120660839,
        8.135108224006242,
        8.0166189924049,
        8.140875169017253,
        8.045881729748547,
        8.131024521348277,
        8.048442745276649,
        7.942374137517327,
        7.977249375450045,
        8.059397587239587,
        8.042462722511377,
        8.171714364059238,
        8.088474220581192,
        8.150763645573916,
        8.03868763663009,
        8.16136837851681,
        8.04192938448112,
        7.993677661940997,
        8.068948998089276,
        8.05541881896185,
        8.086091915675699,
        8.117882411590074,
        8.062418055344445,
        7.945811933049685,
        7.92306185671479,
        8.067424829142942,
        8.040148502950021,
        8.150642929726537,
        7.988285149377826,
        7.938790636879998,
        8.040133335131049,
        7.985329805616448,
        8.006649679800532,
        7.968596521221241,
        8.223296852840212,
        8.023335928337245,
        8.037698424198467,
        8.030810407479494,
        8.079312828215718,
        8.001623301628722,
        8.019574959697556,
        8.195010884947504,
        8.079314562742724,
        8.088878360254386,
        8.124289415739224,
        8.148613894385907
    ]
}