{"x": [85, 85, 85, 83, 83, 85, 84, 86, 83, 82, 86, 86, 82, 82, 83, 85, 81, 81, 86, 81, 82, 85, 82, 87, 86, 85, 79, 81, 79, 79, 84, 80, 86, 87, 80, 81, 82, 84, 86, 83, 87, 88, 84, 83, 85, 84, 87], "y": [68, 69, 67, 70, 71, 70, 71, 67, 72, 72, 69, 68, 71, 73, 73, 71, 72, 71, 70, 73, 70, 72, 74, 69, 71, 73, 74, 74, 73, 75, 72, 74, 72, 70, 75, 75, 75, 73, 73, 74, 71, 69, 74, 75, 74, 75, 72], "velocity": [5.713760658746124, 5.738904608642803, 5.735123495888872, 5.609919334721141, 5.682870692882928, 5.776917438763076, 5.755589519860832, 5.83913992442107, 5.739953158702577, 5.6634874696849, 5.820901325027964, 5.788840398321349, 5.606754786988527, 5.668650863717811, 5.719224564367268, 5.811587735155933, 5.64543179351726, 5.584436808108409, 5.821309146675096, 5.687262318627924, 5.6157694670036085, 5.798407108480827, 5.699027412238118, 5.8867855461928, 5.834678075018336, 5.787238352964723, 5.717820813438195, 5.757860834724212, 5.69657288123235, 5.803377700863524, 5.856106755168166, 5.76571404451256, 5.814210336539608, 5.8415368537489405, 5.819983236505849, 5.775709583141964, 5.76025314082176, 5.821659539953962, 5.81229394829387, 5.745298790769272, 5.823464702099807, 5.907456144121108, 5.806543766895461, 5.79078237577999, 5.822146640109249, 5.828589469519617, 5.8015581058346]}