{
    "x": [
        136,
        135,
        136,
        134,
        137,
        135,
        134,
        133,
        138,
        136,
        134,
        132,
        133,
        135,
        137,
        134,
        136,
        138,
        135,
        132,
        140,
        137,
        141,
        139,
        133,
        138,
        134,
        139,
        140,
        142,
        141,
        133,
        132,
        134,
        134,
        133,
        133
    ],
    "y": [
        84,
        84,
        85,
        83,
        85,
        85,
        84,
        84,
        85,
        86,
        85,
        84,
        85,
        86,
        86,
        86,
        87,
        86,
        87,
        85,
        86,
        87,
        86,
        86,
        86,
        87,
        87,
        87,
        87,
        86,
        87,
        87,
        87,
        88,
        89,
        88,
        89
    ],
    "velocity": [
        7.5692403923617455,
        7.556136013131562,
        7.579999996822763,
        7.5016024354161726,
        7.519999999999996,
        7.567553098829477,
        7.524562222962155,
        7.484095301257392,
        7.519999999999996,
        7.579999999999901,
        7.527638390957336,
        7.431616593052368,
        7.480253556563825,
        7.571721729676868,
        7.579999999920513,
        7.508303395766518,
        7.579999999982927,
        7.519999999999996,
        7.574535559718263,
        7.420245664234002,
        7.519999999999996,
        7.549999999999996,
        7.519999999999996,
        7.519999999999996,
        7.456583202655464,
        7.519999999999996,
        7.519752034181971,
        7.519999999999996,
        7.519999999999996,
        7.512868052657732,
        7.519999999999984,
        7.465162367834329,
        7.378873556049423,
        7.528576761133727,
        7.460074766159805,
        7.424307492981242,
        7.410200898052219
    ]
}