{"x": [160, 160, 160, 161, 162, 160, 162, 161, 161, 161, 160, 162, 159, 161, 162, 161, 160, 162, 162, 160, 161, 162, 163, 162, 159, 162, 163, 163, 160, 162, 161, 163, 161, 159, 159, 164, 162, 163, 160, 160, 164, 163, 162, 160, 164, 159, 159, 163, 163, 164, 163, 164, 161, 164, 161, 163, 162, 159, 158, 163, 164, 165, 162, 159, 164, 161, 159, 161, 162, 162, 160, 160, 158, 164, 165, 166, 165, 160, 161, 164, 159, 166, 165, 165, 161, 166, 164, 160, 166, 158, 164, 161, 159, 163, 163, 165, 166, 167, 166, 163, 162, 163, 160, 163, 158, 165, 167, 164], "y": [55, 54, 53, 56, 58, 56, 57, 57, 55, 54, 52, 56, 55, 53, 55, 52, 51, 54, 53, 50, 51, 52, 44, 51, 49, 50, 50, 51, 49, 44, 50, 45, 44, 48, 50, 43, 45, 49, 43, 48, 48, 52, 49, 44, 49, 47, 43, 53, 48, 47, 43, 44, 43, 45, 49, 47, 43, 44, 47, 46, 46, 43, 48, 46, 50, 48, 42, 45, 46, 47, 47, 42, 49, 51, 46, 42, 42, 45, 47, 42, 45, 50, 44, 45, 46, 43, 52, 46, 51, 50, 53, 42, 41, 42, 57, 51, 41, 42, 44, 54, 42, 56, 41, 55, 48, 41, 43, 54], "velocity": [6.929973616889276, 6.9473355053388, 6.98465547909529, 6.845965915261007, 6.745671715835337, 6.88532322075742, 6.760037007061677, 6.847319291895731, 6.832087597162508, 6.87461786776983, 7.003768452799647, 6.756884766037005, 6.913813511141246, 6.877031176519649, 6.764165849468808, 6.896483686291018, 7.014517419907882, 6.809158744971925, 6.8118233671137, 6.900473888638494, 6.915316876588614, 6.844237989904696, 6.820269956231508, 6.814473919322014, 6.923876122037754, 6.7739152968927625, 6.724265681353475, 6.763942791701131, 6.84998698708631, 6.873463280142701, 6.834730893152569, 6.822651820944166, 6.942584922136832, 6.9027400609778615, 6.952292032088818, 6.781616167479266, 6.832219801921001, 6.691152961833268, 6.892314191741174, 6.83937582459797, 6.701254232921387, 6.8003559735961625, 6.732742469863246, 6.925204275368313, 6.656850103136067, 6.98475420936526, 6.880217687812465, 6.758566283357973, 6.681054386875553, 6.743362570115382, 6.809514453993412, 6.80944022988501, 6.90948277937936, 6.804241231846017, 6.781228258127816, 6.719977664096602, 6.866203063464667, 6.915158261729899, 6.962178701736233, 6.749539506226406, 6.738382322838529, 6.7712657324325365, 6.731537339531572, 6.980620349599167, 6.7017686777604, 6.7817305927723, 6.856389893811433, 6.869773480496647, 6.759627486096755, 6.747737589419612, 6.857535630080056, 6.858212435709432, 7.002212787999467, 6.776026936917191, 6.771510729946643, 6.735840896930043, 6.756856761723746, 6.894962254233602, 6.801376395993331, 6.761227922298772, 6.917804103713653, 6.671095365590003, 6.790060732658914, 6.788895114289178, 6.806339613659478, 6.751623153306809, 6.831794953226062, 6.873489443420072, 6.70329811256555, 6.99667082239926, 6.789448525032719, 6.853675056167655, 6.847331893512566, 6.777173689339307, 6.871513764056785, 6.762423131060724, 6.696217972937511, 6.689458760960952, 6.752517297732947, 6.844473989494159, 6.82243485974212, 6.836658170240201, 6.828144206417946, 6.821610545923819, 6.933582474220714, 6.6886631862373545, 6.670474285032879, 6.825762506404414]}