{"x": [65, 66, 66, 67, 64, 65, 67, 64, 65, 66, 68, 63, 64, 68, 69, 63, 66, 68, 67, 64, 64, 63, 73, 72, 62, 73, 72, 71, 69, 68, 67, 80, 65, 63, 74, 67, 63, 66, 61, 71, 69, 70, 72, 65, 74, 70, 71, 66, 80, 64, 70, 64, 62, 69, 80, 62, 68, 70, 69, 69, 65, 68, 66, 68, 69, 65, 73, 68, 71, 70, 70, 81, 72, 71, 67, 63, 70, 70, 81, 65, 73, 67, 80, 64, 72, 79, 81, 79, 65, 74, 81, 72, 67, 69, 66, 67, 67, 66, 75, 65, 79, 66, 63, 71, 72, 63, 66, 68, 74, 67, 67, 73, 71, 82, 68, 75, 62, 67, 80, 75, 71, 70, 73, 66, 66, 78, 65, 61, 71, 67, 74, 79, 66, 82, 72, 73, 64, 65, 74, 60, 68, 66, 63, 65, 79, 69, 64, 61, 60, 64, 65, 66, 76, 79, 67, 60, 61, 62, 78, 70, 80, 75, 73, 78, 81, 80, 80, 74, 69, 62, 65, 71, 72, 69, 82, 62, 79, 62, 76, 68, 72, 79, 82, 59, 74, 78, 80, 75, 68, 77, 64, 64, 73, 76, 66, 63, 65, 79, 71, 64, 70, 68, 83, 71, 62, 61, 78, 78, 75, 73, 77, 75, 69, 83, 76, 80, 78, 59, 79, 67, 77, 74, 78, 80, 63, 72, 77, 70, 76, 65, 80, 65, 82, 77, 73, 66, 80, 69, 60, 64, 76, 79, 63, 77, 61, 78, 79, 79, 77, 77, 70, 79, 60, 71, 63, 63, 61, 81, 81, 78, 75, 81, 78, 62, 65, 68, 62, 72, 77, 64, 73, 59, 77, 61, 60, 72, 74, 81, 76, 64, 66, 76, 62, 61, 76, 58, 58, 59, 58, 58, 59], "y": [81, 81, 82, 81, 81, 80, 82, 80, 82, 80, 82, 80, 93, 83, 83, 92, 83, 81, 83, 82, 79, 93, 89, 88, 92, 88, 89, 88, 82, 84, 80, 88, 83, 79, 89, 84, 81, 92, 92, 89, 84, 88, 87, 79, 88, 83, 87, 91, 89, 92, 89, 94, 93, 85, 87, 91, 85, 82, 86, 88, 92, 87, 84, 86, 87, 94, 90, 88, 86, 85, 84, 87, 86, 85, 91, 78, 86, 87, 86, 91, 87, 87, 86, 83, 85, 88, 88, 87, 93, 90, 89, 90, 92, 89, 93, 85, 86, 87, 88, 84, 89, 86, 94, 84, 84, 91, 90, 80, 87, 89, 88, 91, 83, 87, 89, 89, 80, 90, 90, 87, 90, 90, 85, 85, 79, 98, 86, 91, 82, 93, 91, 98, 94, 86, 91, 84, 91, 87, 85, 92, 90, 95, 82, 85, 90, 90, 78, 90, 90, 84, 95, 89, 87, 85, 79, 91, 93, 79, 88, 81, 97, 90, 92, 89, 90, 91, 85, 92, 91, 78, 90, 91, 83, 92, 88, 94, 91, 81, 88, 91, 92, 97, 89, 91, 86, 97, 96, 91, 92, 88, 85, 95, 86, 89, 88, 83, 88, 92, 92, 86, 91, 93, 89, 81, 90, 80, 90, 96, 92, 81, 89, 86, 80, 87, 90, 92, 95, 90, 95, 94, 97, 93, 92, 93, 95, 81, 90, 92, 91, 89, 95, 78, 85, 92, 93, 96, 94, 93, 89, 90, 92, 86, 77, 91, 94, 91, 93, 94, 96, 95, 80, 96, 81, 80, 84, 90, 81, 94, 95, 93, 93, 96, 94, 95, 96, 94, 82, 93, 93, 77, 80, 89, 94, 89, 82, 80, 94, 93, 93, 87, 78, 96, 96, 82, 95, 91, 90, 92, 89, 92, 93], "velocity": [7.508932640732397, 7.534381372013265, 7.521332489518064, 7.543931883851021, 7.489254394570595, 7.515370614289911, 7.552726541918462, 7.4808040489658545, 7.505272890547608, 7.523287722076041, 7.542546975135071, 7.472644475704584, 7.5910669837991875, 7.541221624713241, 7.4492625175599345, 7.581815535125785, 7.512210372600874, 7.527774262174167, 7.563779290277763, 7.490777825589473, 7.472118235741144, 7.58679560519096, 7.523399146985917, 7.550182941833493, 7.597946626009475, 7.526713837269495, 7.540663258645496, 7.547314495942224, 7.5208978470173795, 7.44672254774631, 7.490050531361519, 7.344047613955376, 7.498915823143268, 7.4490196248107745, 7.511258068553034, 7.507261644046911, 7.473350629490097, 7.572860073683574, 7.599555565466977, 7.530395116846591, 7.415874846936442, 7.499881847995782, 7.54704756906153, 7.501997770402445, 7.502858170285305, 7.462048142781621, 7.555819232568085, 7.5323889678847955, 7.386596814823616, 7.574504635532935, 7.484903429661563, 7.582068734372171, 7.5959404811397055, 7.398657386758676, 7.292788394178083, 7.598579700355495, 7.402574306971155, 7.476266444013865, 7.42853459476424, 7.468741231032389, 7.572185175348273, 7.450168032399644, 7.526993579398431, 7.422353524087978, 7.454145042328158, 7.586681542252672, 7.516519713421357, 7.441613789108405, 7.54108982720159, 7.446335007856335, 7.441252183451826, 7.26013327279121, 7.583191144801848, 7.506745745882729, 7.495210078588869, 7.398268938085431, 7.479819050334242, 7.48322858426144, 7.231633035662443, 7.556267195583205, 7.521674903109274, 7.424103052414849, 7.255519654274384, 7.490945951588744, 7.546017155813027, 7.3790678949083, 7.335913858035378, 7.318500869857756, 7.588974743130603, 7.502946520681232, 7.405170263000618, 7.523161892653052, 7.564294194076072, 7.464495894856433, 7.568271483268162, 7.474699765437422, 7.427596861638125, 7.4060110611449055, 7.495925844380333, 7.487107080956273, 7.412054278912375, 7.421485170433603, 7.569300571910204, 7.502061058269124, 7.530890825711319, 7.580217257599672, 7.481393175993048, 7.450609850479933, 7.493608136945102, 7.39828071213655, 7.44617835785799, 7.488706657630965, 7.460132596076404, 7.220737711712932, 7.419349556913596, 7.513911431817569, 7.471724568102788, 7.400756494179068, 7.419603266190333, 7.498461302313689, 7.496499814977968, 7.470785231687054, 7.558634769424088, 7.492599312665071, 7.505414172581151, 7.455065111542024, 7.416354918410947, 7.596806896718316, 7.479577542749793, 7.536675057809333, 7.515450390301707, 7.549330363235075, 7.573674119256932, 7.208595387892961, 7.478997768925244, 7.543313271286061, 7.563788476035516, 7.401182174884202, 7.494223446186409, 7.58665106001824, 7.4079714717379055, 7.599170413778077, 7.437523330845364, 7.461221954824801, 7.446686869144233, 7.4367413197949395, 7.451117456290992, 7.592197360199989, 7.57869280120445, 7.498047069465057, 7.582914690445722, 7.415488555981512, 7.492491183760834, 7.226265389843989, 7.449676739153171, 7.6006579459635555, 7.584120066209062, 7.459820308383188, 7.40970509462794, 7.530061638970496, 7.447085233471891, 7.505813443366685, 7.488175185833133, 7.455124581812343, 7.439783832437179, 7.423520815821365, 7.213659081947743, 7.526529289293837, 7.400995963715145, 7.364397039237836, 7.540703860943068, 7.469279014996979, 7.544165382432639, 7.356008606707066, 7.328217252814012, 7.570361981759168, 7.436861244044455, 7.415966453872352, 7.463024280470383, 7.47003381727856, 7.469846163801478, 7.515902154277859, 7.438832664651247, 7.57286492557943, 7.46748410670273, 7.457539704243536, 7.397307889217198, 7.51932353245567, 7.508992389352045, 7.419986665847181, 7.453645510850258, 7.567465345140833, 7.467744120603288, 7.491404060892704, 7.462492128668104, 7.422060904356854, 7.424941284073219, 7.3764037620468, 7.467462350817961, 7.400881367347347, 7.405448380069429, 7.523320877842184, 7.496863696746779, 7.519653853648253, 7.579393891319651, 7.441865665999812, 7.498812278448551, 7.409055495560177, 7.546976075473941, 7.543708687163081, 7.462849020074611, 7.427903860249606, 7.51296116253622, 7.227665939969328, 7.505466503866899, 7.394327518786326, 7.43303174456106, 7.556206741404168, 7.411739781612098, 7.547253218983417, 7.450909209687379, 7.51027659927965, 7.449248102844098, 7.321348236910208, 7.54120508364974, 7.526268380603397, 7.507709327779523, 7.411109582323635, 7.542732190886276, 7.483455837904094, 7.32330447728858, 7.496676627083578, 7.185320595569031, 7.522561762459366, 7.493530722380486, 7.601059550553973, 7.323203752435463, 7.382177912385508, 7.546164008466502, 7.560482680472084, 7.562548837990857, 7.247060421689718, 7.390683043184871, 7.538174359990892, 7.5606822056263745, 7.490831618728797, 7.299915012370465, 7.377473043996142, 7.406974690900183, 7.463607084872512, 7.552894971306519, 7.541543732080338, 7.382490664186317, 7.569331962965608, 7.476185377503236, 7.559945459683482, 7.435739372013396, 7.389062998813967, 7.347519106881983, 7.41731108579245, 7.560227926824178, 7.36842951858813, 7.43155097888084, 7.5223654612919395, 7.601225415970184, 7.531895488087305, 7.345215760195995, 7.482650196433055, 7.519754946488674, 7.467209817873586, 7.628905120535683, 7.51188305876981, 7.523754750904667, 7.544229175390408, 7.323949345238312, 7.604298116234805, 7.490784602767802, 7.395889281343711, 7.575088177161676, 7.42325695737755, 7.514089659983498, 7.419976231286634, 7.501305696636143, 7.330368056463289, 7.480568270891385, 7.544128128455761, 7.525829684458461, 7.595736285459225, 7.492557238535259, 7.547224623072782, 7.546367821298958]}