{"x": [117, 117, 116, 117, 116, 118, 118, 115, 118, 118, 115, 117, 116, 116, 118, 118, 117, 114, 119, 115, 119, 118, 116, 119, 119, 115, 117, 116, 117, 118, 120, 119, 117, 116, 120, 120, 120, 120, 113, 119, 114, 118, 121, 121, 120, 121, 122, 121, 120, 122, 122, 121, 119, 121, 113, 119, 121, 115, 113, 120], "y": [72, 73, 73, 74, 72, 72, 73, 68, 74, 71, 73, 71, 67, 68, 75, 70, 70, 68, 70, 72, 69, 69, 69, 74, 68, 69, 69, 70, 67, 68, 74, 71, 68, 71, 70, 69, 68, 71, 68, 67, 69, 67, 68, 69, 67, 71, 69, 70, 72, 68, 70, 74, 73, 67, 69, 72, 72, 71, 70, 73], "velocity": [7.399543992312385, 7.436090450345192, 7.437619773374559, 7.440591068308579, 7.395890634654424, 7.414313281290656, 7.379704098629729, 7.240614997703351, 7.414536846939264, 7.379246768557365, 7.452453515965898, 7.374795248540664, 7.24080689261878, 7.271394315113104, 7.442042183281059, 7.358626134500594, 7.319524855548199, 7.2390831817823, 7.364413334634302, 7.345900468225507, 7.379994950527164, 7.367500683895123, 7.288271138072944, 7.382758477499976, 7.38266471301667, 7.257261842696206, 7.351507385030858, 7.303157471983861, 7.2604267177951005, 7.367485247847807, 7.395620950770208, 7.391258673286079, 7.3423587078330685, 7.317043584536888, 7.361244974443083, 7.375222644425528, 7.380866402213093, 7.347524214698287, 7.258751844326846, 7.345191193967994, 7.2636214889116655, 7.338357673942829, 7.369423008279048, 7.370445724512326, 7.343975081264553, 7.306827449792349, 7.391511245086208, 7.363738652544682, 7.397021431481441, 7.364499332049006, 7.383512406247059, 7.427993952459084, 7.49158526895124, 7.343521695883885, 7.30856048370844, 7.456728670145084, 7.325453444552482, 7.276779521995319, 7.316779111781877, 7.47697162396739]}